호선명,역명,충전설비구분,지상지하구분,설치역층,상세위치,충전설비수,이용요금,운영기관 전화번호
1호선,다대포해수욕장,휴대폰,지하,1,"(B1) 표내는 곳 근처, 화장실 근처",1,"1,600원(1시간당)",02-454-6666
1호선,다대포항,휴대폰,지하,1,(B1) 3번 출입구 방향,1,"1,600원(1시간당)",02-454-6666
1호선,낫개,휴대폰,지하,1,(B1) 화장실 근처,1,"1,600원(1시간당)",02-454-6666
1호선,신장림,휴대폰,지하,1,(B1) 2번 출입구 방향,1,"1,600원(1시간당)",02-454-6666
1호선,장림,휴대폰,지하,1,"(B1) 2번, 4번 출입구 방향",1,"1,600원(1시간당)",02-454-6666
1호선,동매,휴대폰,지하,1,(B1) 1번 출입구 방향,1,"1,600원(1시간당)",02-454-6666
1호선,신평,휴대폰,지상,1,"(F1) 표내는 곳 옆, 2번 출입구 방향",1,"1,600원(1시간당)",02-454-6666
1호선,하단,휴대폰,지하,1,"(B1) 1번 출입구 방향, 외부 1번 엘리베이터 근처",2,"1,600원(1시간당)",02-454-6666
1호선,당리,휴대폰,지하,1,(B1) 6번 출입구 방향,1,"1,600원(1시간당)",02-454-6666
1호선,사하,휴대폰,지하,1,"(B1) 화장실 옆, 내부 1번 엘리베이터 근처",1,"1,600원(1시간당)",02-454-6666
1호선,괴정,휴대폰,지하,1,"(B1) 화장실 근처, 대합실 고객센터 맞은편",1,"1,600원(1시간당)",02-454-6666
1호선,대티,휴대폰,지하,1,"(B1) 내부 1번 엘리베이터 근처, 2번 출입구 방향",1,"1,600원(1시간당)",02-454-6666
1호선,서대신,휴대폰,지하,1,(B1) 4번 출입구 방향,1,"1,600원(1시간당)",02-454-6666
1호선,동대신,휴대폰,지하,1,(B1) 7번 출입구 방향,1,"1,600원(1시간당)",02-454-6666
1호선,토성역,휴대폰,지하,1,(B1) 2번 출입구 방향,1,"1,600원(1시간당)",02-454-6666
1호선,자갈치,휴대폰,지하,1,"(B1) 3번 출입구 방향, 대합실 고객센터 맞은편",2,"1,600원(1시간당)",02-454-6666
1호선,남포,휴대폰,지하,1,"(B1) 표내는 곳 인근, 1번 내부 엘리베이터 옆",2,"1,600원(1시간당)",02-454-6666
1호선,중앙,휴대폰,지하,1,"(B1) 표내는 곳 인근, 13번 내부 엘리베이터 옆",1,"1,600원(1시간당)",02-454-6666
1호선,부산,휴대폰,지하,1,"(B1) 5번 출입구 방향, 대합실 고객센터 인근",2,"1,600원(1시간당)",02-454-6666
1호선,초량,휴대폰,지하,1,"(B1) 7번, 9번 출입구 방향",1,"1,600원(1시간당)",02-454-6666
1호선,부산진,휴대폰,지하,1,(B1) 6번 출입구 방향,1,"1,600원(1시간당)",02-454-6666
1호선,좌천,휴대폰,지하,1,(B1) 5번 출입구 방향,1,"1,600원(1시간당)",02-454-6666
1호선,범일,휴대폰,지하,1,(B1) 대합실 고객센터 옆,1,"1,600원(1시간당)",02-454-6666
1호선,범내골,휴대폰,지하,1,(B1) 8번 출입구 방향,1,"1,600원(1시간당)",02-454-6666
1호선,서면,휴대폰,지하,1,"(B1) 표내는 곳, 13번 출입구 방향, 범내골역 방향",4,"1,600원(1시간당)",02-454-6666
1호선,부전,휴대폰,지하,1,"(B1) 표내는 곳, 만남의 장소 맞은편",1,"1,600원(1시간당)",02-454-6666
1호선,양정,휴대폰,지하,1,"(B1) 표내는 곳, 8번 출입구 방향",1,"1,600원(1시간당)",02-454-6666
1호선,시청,휴대폰,지하,1,(B1) 3번 출입구 방향,1,"1,600원(1시간당)",02-454-6666
1호선,연산,휴대폰,지하,1,"(B1) 표내는 곳 옆, 7번 출입구 방향",2,"1,600원(1시간당)",02-454-6666
1호선,교대,휴대폰,지하,1,(B1) 고객센터 옆,1,"1,600원(1시간당)",02-454-6666
1호선,동래,휴대폰,지상,1,"(F1) 표내는 곳, 4번 출입구 방향",2,"1,600원(1시간당)",02-454-6666
1호선,명륜,휴대폰,지상,1,(F1) 2번 출입구 방향,1,"1,600원(1시간당)",02-454-6666
1호선,온천장,휴대폰,지상,1,(F1) 1번 출입구 방향,1,"1,600원(1시간당)",02-454-6666
1호선,부산대,휴대폰,지상,1,(F1) 4번 출입구 방향,2,"1,600원(1시간당)",02-454-6666
1호선,장전,휴대폰,지상,1,(F1) 4번 출입구 방향,1,"1,600원(1시간당)",02-454-6666
1호선,구서,휴대폰,지상,2,"(F2) 표내는 곳, 1번 출입구 방향",1,"1,600원(1시간당)",02-454-6666
1호선,두실,휴대폰,지상,1,(F1) 대합실 고객센터 옆,1,"1,600원(1시간당)",02-454-6666
1호선,남산,휴대폰,지하,1,(B1) 대합실 고객센터 맞은편,1,"1,600원(1시간당)",02-454-6666
1호선,범어사,휴대폰,지하,2,(B1) 1번 출입구 방향,1,"1,600원(1시간당)",02-454-6666
1호선,노포,휴대폰,지상,1,(F1) 대합실 고객센터 옆,2,"1,600원(1시간당)",02-454-6666
2호선,장산,휴대폰,지하,1,"(B1) 고객센터 맞은편, 만남의 광장",2,"1,600원(1시간당)",02-454-6666
2호선,중동,휴대폰,지하,1,(B1) 표 내는 곳에서 7번 출입구로 나가는 곳,1,"1,600원(1시간당)",02-454-6666
2호선,해운대,휴대폰,지하,1,(B1) 고객센터 옆,1,"1,600원(1시간당)",02-454-6666
2호선,동백,휴대폰,지하,1,(B1) 점자안내판 옆,1,"1,600원(1시간당)",02-454-6666
2호선,벡스코,휴대폰,지하,1,(B1) 점자안내판 옆,1,"1,600원(1시간당)",02-454-6666
2호선,센텀시티,휴대폰,지하,1,"(B1) 6,8번 출구 방향, 13번 출구 방향",2,"1,600원(1시간당)",02-454-6666
2호선,민락,휴대폰,지하,1,(B1) 점자안내판 옆,1,"1,600원(1시간당)",02-454-6666
2호선,수영,휴대폰,지하,1,"(B1) 점자안내판 옆, 관광안내도판 옆",2,"1,600원(1시간당)",02-454-6666
2호선,광안,휴대폰,지하,1,(B1) ATM기기 옆,1,"1,600원(1시간당)",02-454-6666
2호선,금련산,휴대폰,지하,1,(B1) 좋은강안병원 연결통로 방향,1,"1,600원(1시간당)",02-454-6666
2호선,남천,휴대폰,지하,1,(B1) 3번 출입구 방향,1,"1,600원(1시간당)",02-454-6666
2호선,경성대부경대,휴대폰,지하,1,(B1) 물품보관함 옆,2,"1,600원(1시간당)",02-454-6666
2호선,대연,휴대폰,지하,1,(B1) 점자안내판 옆 ,1,"1,600원(1시간당)",02-454-6666
2호선,못골,휴대폰,지하,1,(B1) 4번 출입구 방향,1,"1,600원(1시간당)",02-454-6666
2호선,지게골,휴대폰,지하,1,(B1) E/V 출입구 앞쪽,1,"1,600원(1시간당)",02-454-6666
2호선,문현,휴대폰,지하,1,(B1) 점자안내판 옆,1,"1,600원(1시간당)",02-454-6666
2호선,국제금융센터,휴대폰,지하,1,(B1) 만남의 장소 옆,1,"1,600원(1시간당)",02-454-6666
2호선,전포,휴대폰,지하,1,(B1) 물품보관함 옆,1,"1,600원(1시간당)",02-454-6666
2호선,부암,휴대폰,지하,1,(B1) 5번 출입구 방향,1,"1,600원(1시간당)",02-454-6666
2호선,가야,휴대폰,지하,1,(B1) ATM기기 옆,1,"1,600원(1시간당)",02-454-6666
2호선,동의대,휴대폰,지하,1,(B1) 만남의 장소 옆,1,"1,600원(1시간당)",02-454-6666
2호선,개금,휴대폰,지하,1,(B1) 화장실 입구 방향,1,"1,600원(1시간당)",02-454-6666
2호선,냉정,휴대폰,지하,1,"(B1) 5,6번 출입구 방향",1,"1,600원(1시간당)",02-454-6666
2호선,주례,휴대폰,지하,1,"(B1) 1,2번 출입구 방향",1,"1,600원(1시간당)",02-454-6666
2호선,감전,휴대폰,지하,1,(B1) 1번 출입구 방향,1,"1,600원(1시간당)",02-454-6666
2호선,사상,휴대폰,지하,1,"(B1) 미녀와 야수 상가 오른쪽 방향, 무인민원발급기 왼쪽 방향",2,"1,600원(1시간당)",02-454-6666
2호선,덕포,휴대폰,지하,1,(B1) 1번 출입구 방향,1,"1,600원(1시간당)",02-454-6666
2호선,모덕,휴대폰,지하,1,(B1) 4번 출입구 방향,1,"1,600원(1시간당)",02-454-6666
2호선,모라,휴대폰,지하,1,(B1) 2번 출입구 방향,1,"1,600원(1시간당)",02-454-6666
2호선,구남,휴대폰,지하,1,(B1) 2번 출입구 방향,1,"1,600원(1시간당)",02-454-6666
2호선,구명,휴대폰,지하,1,(B1) 4번 출입구 방향,1,"1,600원(1시간당)",02-454-6666
2호선,덕천,휴대폰,지하,1,(B1) CU편의점 맞은편,1,"1,600원(1시간당)",02-454-6666
2호선,수정,휴대폰,지하,1,(B1) 전동휠체어 충전기 오른쪽,1,"1,600원(1시간당)",02-454-6666
2호선,화명,휴대폰,지하,1,(B1) 고객센터 맞은편 방향,1,"1,600원(1시간당)",02-454-6666
2호선,율리,휴대폰,지하,1,(B1) 전동휠체어 충전기 왼쪽,1,"1,600원(1시간당)",02-454-6666
2호선,동원,휴대폰,지하,1,(B1) 고객센터 앞쪽,1,"1,600원(1시간당)",02-454-6666
2호선,금곡,휴대폰,지하,1,(B1) 승차권 발매기 옆,1,"1,600원(1시간당)",02-454-6666
2호선,호포,휴대폰,지상,2,(F2) 승차권 발매기 옆,1,"1,600원(1시간당)",02-454-6666
2호선,증산,휴대폰,지상,1,(F1) 맞이방 내 근처,1,"1,600원(1시간당)",02-454-6666
2호선,부산대양산캠퍼스,휴대폰,지상,2,(F2) 1번 출입구 방향,1,"1,600원(1시간당)",02-454-6666
2호선,남양산,휴대폰,지상,2,(F2) 공중전화기 옆,1,"1,600원(1시간당)",02-454-6666
2호선,양산,휴대폰,지상,2,(F2) ATM기기 옆,1,"1,600원(1시간당)",02-454-6666
3호선,수영,휴대폰,지하,1,"(B1) 물품보관함 옆, 10번 출입구 방향",1,"1,600원(1시간당)",02-454-6666
3호선,망미,휴대폰,지하,1,(B1) 고객센터 맞은편 방향,1,"1,600원(1시간당)",02-454-6666
3호선,배산,휴대폰,지하,1,(B1) 5번 출입구 방향,1,"1,600원(1시간당)",02-454-6666
3호선,물만골,휴대폰,지하,1,(B1) 화폐교환기 옆 ,1,"1,600원(1시간당)",02-454-6666
3호선,연산,휴대폰,지하,1,"(B1) 금은거래소 오른쪽 방향, 표내는 곳 근처",1,"1,600원(1시간당)",02-454-6666
3호선,거제,휴대폰,지하,1,"(B1) 3,5,7번 출입구 방향",1,"1,600원(1시간당)",02-454-6666
3호선,종합운동장,휴대폰,지하,1,(B1) ATM기기 옆,1,"1,600원(1시간당)",02-454-6666
3호선,사직,휴대폰,지하,1,(B1) 3번 출입구 방향,1,"1,600원(1시간당)",02-454-6666
3호선,미남,휴대폰,지하,1,(B1) 고객센터 맞은평 방향,1,"1,600원(1시간당)",02-454-6666
3호선,만덕,휴대폰,지하,1,(B1) 1번 출입구 방향,1,"1,600원(1시간당)",02-454-6666
3호선,남산정,휴대폰,지하,1,(B1) 고객센터 맞은평 방향,1,"1,600원(1시간당)",02-454-6666
3호선,숙등,휴대폰,지하,1,(B1) 물품보관함 오른쪽 방향,1,"1,600원(1시간당)",02-454-6666
3호선,덕천,휴대폰,지하,1,(B1) 화장실 들어가는 방향,1,"1,600원(1시간당)",02-454-6666
3호선,구포,휴대폰,지상,2,(F2) 카드보충기 옆,1,"1,600원(1시간당)",02-454-6666
3호선,강서구청,휴대폰,지상,3,(F3) 고객센터 맞은평 기둥 옆,1,"1,600원(1시간당)",02-454-6666
3호선,체육공원,휴대폰,지상,2,(F2) 2층 출입구 방향,1,"1,600원(1시간당)",02-454-6666
3호선,대저,휴대폰,지상,1,(F1) 1층 출입구 방향,1,"1,600원(1시간당)",02-454-6666
4호선,미남,휴대폰,지하,1,(B1) 8번 출입구 방향,1,"1,600원(1시간당)",02-454-6666
4호선,동래,휴대폰,지하,1,"(B1) 4번 출입구 나가는 방향, 화장실 근처",1,"1,600원(1시간당)",02-454-6666
4호선,수안,휴대폰,지하,1,"(B1) 1,3번 출입구 방향",1,"1,600원(1시간당)",02-454-6666
4호선,낙민,휴대폰,지하,1,(B1) 표내는 곳 방향 바로 앞 기둥,1,"1,600원(1시간당)",02-454-6666
4호선,충렬사,휴대폰,지하,1,(B1) 물품보관함 옆,1,"1,600원(1시간당)",02-454-6666
4호선,명장,휴대폰,지하,1,(B1) 표내는 곳 방향 바로 앞 기둥,1,"1,600원(1시간당)",02-454-6666
4호선,서동,휴대폰,지하,1,(B1) 표내는 곳 방향 바로 앞 기둥,1,"1,600원(1시간당)",02-454-6666
4호선,금사,휴대폰,지하,1,(B1) 표내는 곳 방향 바로 앞 기둥,1,"1,600원(1시간당)",02-454-6666
4호선,반여농산물시장,휴대폰,지상,1,(F1) 1번 출입구 방향 고객쉼터 옆,1,"1,600원(1시간당)",02-454-6666
4호선,석대,휴대폰,지상,1,(F1) 1번 출입구 방향,1,"1,600원(1시간당)",02-454-6666
4호선,영산대,휴대폰,지상,2,(F2) 물품보관함 옆,1,"1,600원(1시간당)",02-454-6666
4호선,윗반송,휴대폰,지상,2,(F2) 물품보관함 옆,1,"1,600원(1시간당)",02-454-6666
4호선,고촌,휴대폰,지상,2,"(F2) 1,3번 출입구 방향",1,"1,600원(1시간당)",02-454-6666
4호선,안평,휴대폰,지상,2,(F2) 물품보관함 옆,1,"1,600원(1시간당)",02-454-6666
