호선명,역명,엘리베이터 관리번호,근접 출입구번호,상세위치,시작층(지상/지하),시작층(운행역층),종료층(지상/지하),종료층(운행역층),정원(인원수),정원(중량)(kg),승강기 상태,승강기 일련번호
1호선,노포,1,2번,"(2F) 2번 출입구 앞
(1F) 범어사역 방향 승강장 6-1 출입문 앞",지상,1,지상,2,10,750,운행,8057-518
1호선,노포,2,2번,"(2F) 2번 출입구 앞
(1F) 노포행 승강장 6-1 출입문 앞",지상,1,지상,2,10,750,운행,8052-981
1호선,노포,3,2번,"(2F) 종합버스터미널 가는 길목측 대합실
(1F) 노포행 승강장 1-1 인근",지상,1,지상,2,12,900,운행,8119-111
1호선,범어사,1,3번,"(1F) 3번출입구
(B2) 1번/3번 출입구 방향",지하,2,지상,1,13,1000,운행,8051-201
1호선,범어사,2,4번,"(1F) 4번출입구
(B2) 2번/4번 출입구 방향",지하,2,지상,1,13,1000,운행,8051-202
1호선,범어사,3,,"(B2) 남산역 방향 표내는 곳 내, 1번/3번 출입구 방향
(B3) 남산역 방향 승강장 8-1 출입문 앞 ",지하,3,지하,2,13,1000,운행,8079-673
1호선,범어사,4,,"(B2) 노포역 방향 표내는 곳 내, 2번/4번 출입구방향
(B3) 노포역 방향 승강장 8-1출입문 앞 ",지하,3,지하,2,13,1000,운행,8079-674
1호선,남산,1,3번,"(1F) 3번 출입구 앞
(B1) 10번 표내는 곳 옆",지하,1,지상,1,13,1000,운행,8022-373
1호선,남산,2,4번,"(1F) 4번 출입구 앞
(B1) 20번 표내는 곳 옆",지하,1,지상,1,13,1000,운행,8022-374
1호선,남산,3,,"(B1) 15번 표내는 곳 앞
(B2) 두실역 방향 승강장  5-3 출입문 앞",지하,2,지하,1,13,1000,운행,8047-373
1호선,남산,4,,"(B1) 25번 표내는 곳 앞, 2번/4번 출입구 방향
(B2) 범어사역 방향 승강장  8-2 출입문 앞",지하,2,지하,1,13,1000,운행,8047-372
1호선,두실,1,3번,"(1F) 3번 출입구 옆
(B1) 3번 출입구 방향",지하,1,지상,1,13,1000,운행,8054-254
1호선,두실,2,4번,"(1F) 4번 출입구 옆
(B1) 4번 출입구 방향",지하,1,지상,1,13,1000,운행,8054-255
1호선,두실,3,,"(B1) 1번/3번 출입구 옆
(B2) 구서역 방향 승강장 6-2 출입문 앞",지하,2,지하,1,13,1000,운행,8079-723
1호선,두실,4,,"(B1) 2번/4번 출입구 옆
(B2) 남산역 방향 승강장 7-1 출입문 앞",지하,2,지하,1,13,1000,운행,8079-724
1호선,구서,1,3번,"(1F) 3번 출입구 옆
(2F)북쪽 대합실 계단 옆, 3번 출입구 방향
(3F)장전역 방향 승강장 1-1 출입문 앞",지상,1,지상,3,13,1000,운행,8000-028
1호선,구서,2,4번,"(1F) 4번 출입구 옆
(2F)북쪽 대합실 계단 옆, 4번 출입구 방향
(3F)두실역 방향 승강장 1-1 출입문 앞",지상,1,지상,3,13,1000,운행,8000-029
1호선,장전,1,,"(1F) 3번 출입구 근처 부산대역 방향 표내는 곳 안 
(2F) 부산대역 방향 승강장 3-2 출입문 앞",지상,1,지상,2,13,1000,운행,8018-853
1호선,장전,2,,"(1F) 4번 출입구 옆 구서역 방향 표내는 곳 안
 (2F) 구서역 방향 승강장 1-2 출입문 앞",지상,1,지상,2,13,1000,운행,8018-854
1호선,부산대,1,1번,(2F) 온천장역 방향 승강장 6-3 출입문 앞 (1F) 1번 출입구 근처 표 내는 곳 안,지상,1,지상,2,13,1000,운행,8007-445
1호선,부산대,2,2번,(2F) 장전역 방향 승강장 7-2 출입문 앞 (1F) 2번 출입구 옆 표 내는 곳 안,지상,1,지상,2,13,1000,운행,8007-446
1호선,온천장,1,2번,(1F) 2번 출입구 근처,지상,1,지상,2,13,1000,운행,8018-804
1호선,명륜,1,2번,"(2F) 온천장역 방향 승강장 8-1 출입문 앞
(1F) 2번 출입구앞",지상,1,지상,2,13,1000,운행,8048-385
1호선,동래,1,3번,1. (2F) 교대역 방향 승강장 2-3 출입문 앞 2. (1F) 3번 출입구 옆,지상,1F,지상,2F,13,1000,운행,8001-490
1호선,동래,2,4번,1. (2F) 명륜역 방향 승강장 2-3 출입문 앞 2. (1F) 4번 출입구 옆,지상,1F,지상,2F,13,1000,운행,8001-491
1호선,교대,1,5번,"(1F)5번 출입구 옆
(B1) 5번 출입구 옆",지하,1,지상,1,13,1000,운행,8007-768
1호선,교대,2,8번,"(1F)8번 출입구 옆
(B1) 8번 출입구 옆",지하,1,지상,1,13,1000,운행,8007-769
1호선,교대,3,,"(B1) 동래역 방향 승강장 3-1 출입문 앞
(B2) 지하연결통로",지하,2,지하,1,8,630,운행,8007-770
1호선,교대,4,,"(B1) 연산역 방향 승강장 3-1 출입문 앞
(B2) 지하연결통로",지하,2,지하,1,8,630,운행,8007-771
1호선,교대,5,2번,"(1F)2번 출입구 옆
(B1) 2번 출입구 옆",지하,1,지상,1,13,1000,운행,8092-251
1호선,1연산,1,3번,"(1F) 3번 출입구 앞
(B1) 1,3번 출구 사이",지하,1,지상,1,13,1000,운행,8019-403
1호선,1연산,2,5번,"(1F) 5번 출입구 옆
(B1)고객센터, 5번출구 사이",지하,1,지상,1,13,1000,운행,8019-404
1호선,1연산,3,14번,"(1F) 14번 출입구 앞
(B1)14번, 16번 출구쪽 가는 방향 통로 이용",지하,1,지상,1,13,1000,운행,8019-405
1호선,시청,1,3번,"(1F) 3번/5번 출입구 사이, 
(B1)  발매기 옆",지하,1,지상,1,13,1000,운행,8019-940
1호선,시청,2,4번,"(1F) 4번 출입구 앞, 
(B1)  화장실 맞은편, 표내는 곳 옆",지하,1,지상,1,13,1000,운행,8052-666
1호선,시청,3,,"(B1) 표내는 곳 옆, 1번 출입구 방향
(B2)  양정역 방향 승강장 7-3 출입문 앞",지하,2,지하,1,13,1000,운행,8019-401
1호선,시청,4,,"(B1) 표내는 곳 옆, 2번 출입구 방향
(B2)  연산역 방향 승강장 출입문 8-1 앞",지하,2,지하,1,13,1000,운행,8019-402
1호선,양정,1,1번,"(1F) 1번 출입구 옆
(B1) 1번 엘리베이터 통로 안",지하,1,지상,1,13,1000,운행,8054-727
1호선,양정,2,2번,"(1F) 2번 출입구 옆
(B1) 2번 엘리베이터 통로 안",지하,1,지상,1,13,1000,운행,8036-150
1호선,양정,3,7번,"(1F) 9번 출입구 뒤
(B1) 대합실 쌈지공원 옆",지하,1,지상,1,15,1150,운행,8019-380
1호선,양정,4,6번,"(1F) 8번 출입구 뒤
(B1) 6번 엘리베이터 통로 안",지하,1,지상,1,13,1000,운행,8003-010
1호선,양정,5,,"(B1) 20번대 표내는 곳 내 계단 앞
(B2) 부전역 방향 승강장 7-1 출입문 앞",지하,2,지하,1,13,1000,운행,8018-846
1호선,양정,6,,"(B1) 30번대 표내는 곳 내 계단 앞
(B2) 시청역 방향 승강장 7-1 출입문 앞",지하,2,지하,1,13,1000,운행,8018-847
1호선,부전,1,1번,"(1F) 1번 출입구 뒤
(B1) 1번 출입구 옆",지하,1,지상,1,13,1000,운행,8007-683
1호선,부전,2,6번,"(1F) 6번 출입구 옆
(B1) 양정역 방향 표내는곳(G-30) 옆",지하,1,지상,1,13,1000,운행,8007-684
1호선,부전,3,,"(B1) 서면역 방향 표내는곳(G-1) 내 계단 앞
(B2) 서면역 방향 승강장 3-1 출입문 앞",지하,2,지하,1,13,1000,운행,8000-051
1호선,부전,4,,"(B1) 양정역 방향 표내는곳(G-20) 내 계단 앞
(B2) 양정역 방향 승강장 6-3 출입문 앞",지하,2,지하,1,13,1000,운행,8000-050
1호선,1서면,1,13번,(B1) 역무실 후문 앞 / (1F) 13번 출구 옆,지하,1,지상,-,13,1000,운행,8019-963
1호선,1서면,2,12번,(B1) 12번 출구 계단 맞은편 / (1F) 12번 출구 옆,지하,1,지상,-,10,750,운행,8019-964
1호선,1서면,3,,(B1) 41번 게이트 내 / (B2) 1호선 상선 승강장,지하,2,지하,1,13,1000,운행,8019-454
1호선,1서면,4,,(B1) 45번 게이트 내 / (B2) 1호선 하선 승강장,지하,2,지하,1,13,1000,운행,8019-455
1호선,범내골,1,1번,"(1F) 1번 출입구 근처, (B1) 1번 출입구 근처",지하,1,지상,1,13,1000,운행,8007685
1호선,범내골,2,4번,"(1F) 4번 출입구 근처, (B1) 4번 출입구 근처",지하,1,지상,1,13,1000,운행,8007686
1호선,범내골,3,7번,"(1F) 5번/7번 출입구 사이 엘리베이터, (B1) 7번 출입구 옆",지하,1,지상,1,13,1000,운행,8007687
1호선,범내골,4,6번,"(1F) 6번/8번 출입구 사이 엘리베이터, (B1) 6번 출입구 옆",지하,1,지상,1,13,1000,운행,8007688
1호선,범내골,5,,"(B1) 표내는곳 내 계단 옆, 1번/2번 출입구 방향, (B2) 노포행 방향 승강장 8-3 출입문 근처 ",지하,2,지하,1,13,1000,운행,8019486
1호선,범내골,6,,"(B1) 대합실 만남의광장 화장실 근처, (B2) 다대포해수욕장행 방향 승강장 3-3 출입문 앞 ",지하,2,지하,1,13,1000,운행,8057291
1호선,범일,1,7번,"(1F) 7번 출입구 옆
(B1) 상가통로 방향",지하,B1,지상,1,13,1000,운행,8056149
1호선,범일,2,6번,"(1F) 6번 출입구 옆
(B1) 화장실 방향",지하,B1,지상,1,13,1000,운행,8007766
1호선,범일,3,,"(B1) 10번대 표 내는 곳 방향
(B2) 좌천 방향 승강장 7-1 출입문 앞",지하,B2,지하,B1,13,1000,운행,8000110
1호선,범일,4,,"(B1) 30번대 표 내는 곳 방향
(B2) 범내골 방향 승강장 2-2 출입문 앞",지하,B2,지하,B1,13,1000,운행,8000109
1호선,좌천,1,3번,"(1F) 3번 출입구 옆 엘리베이터
(B1) 화장실 옆 1번/3번 출입구 방향",지하,B1,지상,1F,13,1000,운행,8037792
1호선,좌천,2,2번/4번," (1F) 2번/4번 출입구 사이 엘리베이터, 1번 출입구 옆
 (B1) 2번/4번 출입구 계단 옆",지하,B1,지상,1F,13,1000,운행,8037793
1호선,좌천,3,1번/3번,"(B1) 표내는곳 내 계단 옆, 1번/3번 출입구방향
(B2) 부산진역 방향 승강장 7-1 출입문 앞",지하,B2,지하,B1,13,1000,운행,8006072
1호선,좌천,4,2번/4번,"(B1) 표내는곳 내 계단 옆, 2번/4번 출입구방향
(B2) 범일역 방향 승강장 7-1출입문 앞",지하,B2,지하,B1,13,1000,운행,8006073
1호선,부산진,1,5번,"(1F)  5번 출입구 옆
(B1) 5번출구쪽 표내는곳 옆 통로 방향",지하,1,지상,1,13,1000,운행,8050607
1호선,부산진,2,6번,"(1F) 6번 출입구 옆
(B1) 궤도분소 앞",지하,1,지상,1,13,1000,운행,8050463
1호선,부산진,3,,"(B1) 5번출구쪽 표내는곳 뒤쪽
 (B2) 초량역 방향 승강장 1-3 출입문 앞",지하,2,지하,1,13,1000,운행,8004716
1호선,부산진,4,,"(B1) 5번출구쪽 표내는곳 뒤쪽
 (B2) 좌천역 방향 승강장 1-3 출입문 앞",지하,2,지하,1,13,1000,운행,8004717
1호선,초량,1,"6,8번",(1F) 8번 출구 전방 30m지점,지하,B1,지상,1F,13,1000,운행,8037631
1호선,초량,2,"5,7번","(1F) 5,7번 출구 중간, 일본영사관 소녀상 옆",지하,B1,지상,1F,13,1000,운행,8037630
1호선,초량,3,,(B2) 부산역 방향 승강장 7-1 출입문 앞,지하,B2,지하,B1,13,1000,운행,8007744
1호선,초량,4,,"(B2) 부산진역 방향 승강장 7-1, 6-3 출입문 사이",지하,B2,지하,B1,13,1000,운행,8007745
1호선,부산역,1,5번,"(1F) 5번 출입구 옆
(B1) 대합실 고객센터 옆",지하,B1,지상,1F,13,1000,운행,8037817
1호선,부산역,2,4번,"(1F) 4번 출입구 옆
(B1) 대합실 화장실 옆",지하,B1,지상,1F,13,1000,운행,8022811
1호선,부산역,3,,"(B2) 중앙역 방향 승강장 7-2 출입문 앞
(B1) 대합실 표 내는 곳",지하,B2,지하,B1,13,1000,운행,8018411
1호선,부산역,4,,"(B2) 초량역 방향 승강장 7-1 출입문 앞
(B1) 대합실 표 내는 곳",지하,B2,지하,B1,13,1000,운행,8018412
1호선,중앙,1,13번,(1F) 13번 출구 전방 50m 지점,지하,B1,지상,1F,13,1000,운행,8055257
1호선,중앙,2,8번,(1F) 8번 출구 전방 100m 지점,지하,B1,지상,1F,13,1000,운행,8055256
1호선,중앙,3,12번,(1F) 14번 출구로부터 남포 방향 20m,지하,B1,지상,1F,13,1000,운행,8055258
1호선,중앙,4,,(B2) 남포역 방향 승강장 6-2 출입문 앞,지하,B2,지하,B1,13,1000,운행,8037297
1호선,남포,1,5번,"(1F) 5번 출입구 옆
(B1) 5번 출입구 방향",지하,1,지상,1,13,1000,운행,8055276
1호선,남포,2,4번,"(1F) 4번 출입구 앞
(B1) 4번 출입구 방향",지하,1,지상,1,13,1000,운행,8055277
1호선,남포,3,5번,"(B1) 표 내는 곳 내 계단 옆. 5번 출입구 방향
(B2) 자갈치역 방향 승강장 2-3 출입문 앞",지하,2,지하,1,13,1000,운행,8004884
1호선,남포,4,4번/6번,"(B1) 표 내는 곳 내 계단 옆. 4번/6번 출입구 방향 
(B2) 중앙역 방향 승강장 1-3 출입문 앞",지하,2,지하,1,13,1000,운행,8004883
1호선,자갈치,1,1번,"(1F) 1번 출입구 옆
(B1) 전기실 옆",지하,1,지상,1,15,1150,운행,8120-620
1호선,자갈치,2,"3,5번","(1F) 3,5번 출입구 옆
(B1) 소방물탱크실 옆",지하,1,지상,1,13,1000,운행,8035-093
1호선,자갈치,3,"6,8번","(1F) 6,8번 출입구 옆
(B1) 고객센터 옆",지하,1,지상,1,13,1000,운행,8019-518
1호선,자갈치,4,,"(B1) 7번 출입구 옆
(B2) 토성역 방향 승강장 1-2 출입문 앞",지하,2,지하,1,13,1000,운행,8019-519
1호선,자갈치,5,,"(B1) 10번 출입구 옆
(B2) 남포역 방향 승강장 1-2 출입문 앞",지하,2,지하,1,13,1000,운행,8061-561
1호선,토성,1,5번,"(1F) 5번 출입구 옆
(B1) 임대매장(약국) 옆, 5번 출입구 방향",지하,1,지상,1,13,1000,운행,8047-401
1호선,토성,2,"4, 6번","(L) 로비층, 부산대학병원과 연결
(1F) 4번/6번 출입구 사이
(B1) 임대매장(편의점) 옆, 4번/6번 출입구 방향",지하,1,지상,2,13,1000,운행,8002-795
1호선,토성,3,,"(B1) 동대신역 방향 표 내는 곳 내 계단 옆
(B2) 동대신역 방향 승강장 2-1 출입문 앞",지하,2,지하,1,13,1000,운행,8047-402
1호선,토성,4,,"(B1) 자갈치역 방향 표 내는 곳 내 계단 옆
(B2) 자갈치역 방향 승강장 2-3 출입문 앞",지하,2,지하,1,13,1000,운행,8061-438
1호선,동대신,1,1번,"(1F) 1번 출입구 근처
(B1)  1번출구 방향",지하,1,지상,1,13,1000,운행,8053540
1호선,동대신,2,2번,"(1F) 2번 출입구 근처
(B1)  2번출구 방향",지하,1,지상,1,13,1000,운행,8053539
1호선,동대신,3,,"(B1) 서대신역 방향 표 내는 곳 내 계단 옆
(B2) 서대신역 방향 승강장 7-1 출입문 앞",지하,1,지하,1,13,1000,운행,8018346
1호선,동대신,4,,"(B1) 토성역 방향 표 내는 곳 내 계단 옆
(B2) 토성역 방향 승강장 7-1 출입문 앞",지하,1,지하,1,13,1000,운행,8018347
1호선,서대신,1,1번,"(1F) 1번 출입구 옆
(B1) 1번/3번 출입구 방향 ",지하,1,지상,1,13,1000,운행,8053318
1호선,서대신,2,2번,"(1F) 2번 출입구 옆
(B1) 2번/4번 출입구 방향 ",지하,1,지상,1,13,1000,운행,8020862
1호선,서대신,3,,"(B1) 표 내는 곳  근처
(B4) 대티(동대신)역 방향 승강장 5-2 출입문 근처",지하,4,지하,1,13,1000,운행,8020862
1호선,대티,1,"1,3번"," (B1) 1번/3번 출입구 방향 , (1F) 1번/3번 출입구 사이 ",지하,1,지상,1,13,1000,운행,8079762
1호선,대티,2,"2,4번","(B1) 2번/4번 출입구 방향 , (1F) 2번/4번 출입구 사이",지하,1,지상,1,13,1000,운행,8079761
1호선,대티,3,-,"(B5) 괴정역 방향 승강장 3-3 출입문 방향 , (B3) 표내는곳 앞 계단 옆 , (B1) 표내는곳 내 ",지하,5,지하,1,13,1000,운행,8006403
1호선,대티,4,-,"(B5) 괴정역 방향 승강장 3-2 출입문 방향 , (B2) 표내는곳 앞 계단 옆 , (B1) 표내는곳 내 ",지하,5,지하,1,15,1150,운행,8119769
1호선,괴정,1,5번,"(1F) 5번 출입구 근처
(B1) 괴정전자분소 방면",지하,1,지상,1,13,1000,운행,8079676
1호선,괴정,2,"6,8,10번","(1F) 6번 출구 근처
(B1) B환기실 방면",지하,1,지상,1,13,1000,운행,8079675
1호선,괴정,3,,"(B1) 쌈지공원 옆
(B2) 다대포해수욕장역 방향 승강장 3-1 출입문 앞",지하,2,지하,1,13,1000,운행,8079678
1호선,괴정,4,,"(B1) 만남의 장소, 승차권발매기(60,61) 옆
(B2) 노포역 방향 승강장 3-1 출입문 앞",지하,2,지하,1,13,1000,운행,8079677
1호선,사하,1,1번,(B1) 1번 출입구 앞 (1F) 1번/3번 출입구 사이,지하,1,지상,1,13,1000,운행,8007595
1호선,사하,2,2번,(B1) 2번 출입구 앞  (1F) 2번/4번 출입구 사이,지하,1,지상,1,13,1000,운행,8007594
1호선,사하,3,1번,(B1) 1번 출입구 옆 게이트 안  (B2) 다대포해수욕장행 방향 승강장 6-1 출입문 앞,지하,1,지하,2,13,1000,운행,8000800
1호선,사하,4,2번,(B1) 2번 출입구 옆 게이트 안 (B2) 노포행 방향 승강장 6-1 출입문 앞,지하,1,지하,2,13,1000,운행,8000801
1호선,당리,1,3번,"(1F) 3번출입구, 엘리베이터 자체가 3번 출입구로 지정(계단X)",지하,지하1층,지상,지상,13,1000,운행,8079683
1호선,당리,2,4번,"(1F) 4번 출입구, 엘리베이터 자체가 4번 출입구로 지정(계단X)",지하,지하1층,지상,지상,13,1000,운행,8052853
1호선,당리,3,3번,"(1F) 3번출입구, 엘리베이터 자체가 3번 출입구로 지정(계단X)",지하,지하1층,지상,지상,13,1000,운행,8052852
1호선,당리,4,,(B2) 노포역 방향 승강장 6-3 출입문 앞,지하,지하2층,지하,지하1층,13,1000,운행,8079684
1호선,당리,5,,(B2) 다대포해수욕장역 방향 승강장 6-3 출입문 앞,지하,지하2층,지하,지하1층,13,1000,운행,8079683
1호선,하단,1,1번,"(1F) 1번 출입구 근처
(B1) 1번 출입구 방향",지하,지하1층,지상,지상,13,1000,운행,8079-688
1호선,하단,2,2번,"(1F) 2번 출입구 근처
(B1)2번 출입구 방향",지하,지하1층,지상,지상,13,1000,운행,8079-687
1호선,하단,3,6번,"(1F) 6번 출입구 근처
(B1)6번 출입구 방향",지하,지하1층,지상,지상,15,1150,운행,8113-983
1호선,하단,4,,"(B1)만남의 장소 근처
(B2)신평역 방향 승강장 4-2 출입문 앞",지하,지하2층,지하,지하1층,13,1000,운행,8079-686
1호선,하단,5,,"(B1)고객센터 근처
(B2)당리역 방향 승강장 3-1 출입문 앞",지하,지하2층,지하,지하1층,13,1000,운행,8079-685
1호선,신평,1,3번,(1F) 3번 출입구 옆,지하,B1,지상,1,13,1000,운행,8007324
1호선,신평,2,4번,"(1F) 4,6번 출입구 옆",지하,B1,지상,1,13,1000,운행,8007325
1호선,신평,3,,(B1) 동매역 방향 승강장 6-2 출입문 앞,지하,B1,지상,1,13,1000,운행,8007323
1호선,신평,4,,(B1) 하단역 방향 승강장 6-2 출입문 앞,지하,B1,지상,1,13,1000,운행,8005525
1호선,동매,1,1번,"(1F) 1번 출입구 앞
(B1) 대합실 고객센터 근처",지하,1,지상,1,13,1000,운행,8089547
1호선,동매,2,1번,"(1F) 1번 출입구 앞
(B1) 대합실 고객센터 근처",지하,1,지상,1,13,1000,운행,8089548
1호선,동매,3,3번,"(1F) 3번 출입구 근처
(B1) 대합실 화장실 근처",지하,1,지상,1,13,1000,운행,8089545
1호선,동매,4,4번,"(1F) 4번 출입구 근처
(B1) 대합실 만남의 광장 근처",지하,1,지상,1,13,1000,운행,8089546
1호선,동매,5,5번,"(1F) 5번 출입구 근처
(B1) 대합실 화장실 근처",지하,1,지상,1,13,1000,운행,8089544
1호선,동매,6,6번,"(1F) 6번 출입구 앞
(B1) 대합실 만남의 광장 근처",지하,1,지상,1,13,1000,운행,8089543
1호선,동매,7,6번,"(1F) 6번 출입구 앞
(B1) 대합실 만남의 광장 근처",지하,1,지상,1,13,1000,운행,8089542
1호선,동매,8,6번,"(1F) 6번 출입구 앞
(B1) 대합실 만남의 광장 근처",지하,1,지상,1,13,1000,운행,8089541
1호선,동매,9,,"(B1) 장림역 방향 표내는 곳 안
(B2) 장림역 방향 승강장 4-3 출입문 앞",지하,2,지하,1,13,1000,운행,8089550
1호선,동매,10,,"(B1) 신평역 방향 표내는 곳 안
(B2) 신평역 방향 승강장 4-3 출입문 앞",지하,2,지하,1,13,1000,운행,8089549
1호선,장림,1,"2,4번","(B1)2, 4번 출구 사이 (1F)왼쪽 홈플러스",지하,1,지상,1,13,1000,운행,8089584
1호선,장림,2,3번,(B1)3번 출구 옆 (1F)제일제당 공장 맞은편,지하,1,지상,1,13,1000,운행,8089585
1호선,장림,3,,"(B2)신장림역 방향 승강장 5-1 근처 (B1)표 내는 곳 7번, 10번 사이",지하,2,지하,1,13,1000,운행,8089586
1호선,장림,4,,"(B2)동매역 방향 승강장 5-1 근처 (B1)표 내는 곳 30번, 24번 사이",지하,2,지하,1,13,1000,운행,8089587
1호선,신장림,1,1번,"(1) 1번/3번 출입구 사이 엘리베이터
(B1) 대합실 화장실 옆 1번 출입구 방향",지하,1,지상,1,15,1150,운행,8089564
1호선,신장림,2,4번,"(1F) 2번/4번 출입구 사이 엘리베이터
(B1) 대합실 4번 출입구 방향",지하,1,지상,1,15,1150,운행,8089563
1호선,신장림,3,,(B1) 대합실 개찰구 1번대/10번대 사이,지하,2,지하,1,15,1150,운행,8089566
1호선,신장림,4,,(B1) 대합실 개찰구 20번대/30번대 사이,지하,2,지하,1,15,1150,운행,8089565
1호선,낫개,1,1번,(1F) 1번 출입구 근처  (B1) 1번 출입구 방향 임대매장 근처,지하,1,지상,1,13,1000,운행,8089876
1호선,낫개,2,"2,4번",(1F) 2/4번 출입구 근처 (B1) 에스컬레이터 3호기/4호기 옆,지하,1,지상,1,13,1000,운행,8089877
1호선,낫개,3,6번,"(1F) 6번 출입구 옆, (B1) 고객센터 옆",지하,1,지상,1,15,1150,운행,8089880
1호선,낫개,4,,(B1) 다대포항역 방향 표내는 곳 내 (B3) 다대포항역 방향 승강장 6-1 출입문 앞,지하,3,지하,1,13,1000,운행,8089879
1호선,낫개,5,,(B1) 신장림역 방향 표내는 곳 내 (B3) 신장림역 방향 승강장 5-3 출입문 앞 ,지하,3,지하,1,13,1000,운행,8089878
1호선,다대포항,1,1번,(B1) 1번 출입구 방향 (1F) 1번 출입구 옆,지하,1,지상,1,15,1150,운행,8089509
1호선,다대포항,2,3번,(B1) 3번 출입구 방향 (중층) 3번 출입구 방향 (1F) 3번 출입구 옆,지하,1,지상,1,15,1150,운행,8089508
1호선,다대포항,3,4번,(B1) 4번 출입구 방향 (중층) 4번 출입구 방향 (1F) 4번 출입구 옆 (2F) 4번 출입구 옆,지하,1,지상,2,15,1150,운행,8089507
1호선,다대포항,4,,(B2) 다대포해수욕장역 방향 5-1 출입문 앞 (B1) 다대포해수욕장역 방향 표내는 곳 안,지하,2,지하,1,15,1150,운행,8089510
1호선,다대포항,5,,(B2) 낫개역 방향 5-1 출잎문 앞 (B1) 낫개역 방향 표내는 곳 안,지하,2,지하,1,15,1150,운행,8089511
1호선,다대포해수욕장,1,3번,"(1F) 3번 출입구 옆
(B1) 1,3번 출입구 방향 에스컬레이터 3호기 앞",지하,1,지상,1,15,1150,운행,8089498
1호선,다대포해수욕장,2,4번,"(1F) 2번 출입구 옆
(B1) 고객센터 옆",지하,1,지상,1,15,1150,운행,8089497
1호선,다대포해수욕장,3,,"(B1) 20번대 표 내는 곳 옆
(B2) 상선 방향 승강장 6-1 출입문 앞",지하,2,지하,1,15,1150,운행,8089502
1호선,다대포해수욕장,4,,"(B1) 30번대 표 내는 곳 옆
(B2) 다대포항역 방향 승강장 6-1 출입문 앞",지하,2,지하,1,15,1150,운행,8089501
2호선,양산,1,2번,"(2F) 편의점과 빵집사이 
(1F) 2번 출입구 옆",지상1층,1,지상2층,2,13,1000,운행,8010386
2호선,양산,2,1번,"(3F) 남양산역 방향 승강장 5-3 출입문 앞
(2F) 10번 게이트 앞",지상2층,2,지상3층,3,13,1000,운행,8010387
2호선,양산,3,1번,"(3F) 회차선 방향 승강장 6-4 출입문 근처
(2F) 20번대 게이트 앞",지상2층,2,지상3층,3,13,1000,운행,8010388
2호선,양산,4,2번,"(2F) 육교 위
(1F) 농협(양산지점) 옆",지상1층,1,지상2층,2,13,1000,운행,8010385
2호선,남양산,1,1번,"(2F) 1번 출입구 육교 위
(1F) 1번 출입구 육교 아래",지상,1,지상,2,13,1000,운행,8010381
2호선,남양산,2,3번,"(2F) 1번대 표 내는 곳 근처
(1F) 1층 주차장 3번 출입구 근처",지상,1,지상,2,13,1000,운행,8010382
2호선,남양산,3,,"(2F) 10번대 표 내는 곳 안 (부산대양산캠퍼스역방향)
(3F) 부산대양산캠퍼스역 방향 승강장 5-1 출입문 앞",지상,2,지상,3,13,1000,운행,8010384
2호선,남양산,4,,"(2F) 10번대 표 내는 곳 안 (양산역방향)
(3F) 양산역 방향 승강장 6-4 출입문 앞",지상,2,지상,3,13,1000,운행,8010383
2호선,부산대양산캠퍼스,1,3번,"(1F) 3번 출입구 옆
(2F) 3번 출입구 옆",지상,1,지상,2,13,1000,운행,8038513
2호선,부산대양산캠퍼스,2,3번,"(B1) 지하주차장 앞
(1F) 1번/5번 출입구 사이 엘리베이터
(2F) 1번/5번 출입구 사이 엘리베이터",지하,1,지상,2,13,1000,운행,8038514
2호선,부산대양산캠퍼스,3,3번,"(1F) 증산역 방향 승강장 4-2 출입문 앞
(2F) 증산역 방향 대합실",지상,1,지상,2,13,1000,운행,8038515
2호선,부산대양산캠퍼스,4,3번,"(1F) 남양산역 방향 승강장 5-1 출입문 앞
(2F) 대합실",지상,1,지상,2,13,1000,운행,8038516
2호선,증산,1,1번,"(1F) 1번 출입구 근처
(2F) 호포역 방향 승강장 4-4 출입문 앞",지상,1,지상,2,13,1000,운행,8087420
2호선,증산,2,1번,"(1F) 1번 출입구 근처
(2F) 부산대양산캠퍼스역 방향 승강장 6-4 출입문 앞",지상,1,지상,2,13,1000,운행,8087428
2호선,호포,1,1번,"(1F) 1번 출입구 근처
(2F) 3번 출입구 근처
(3F) 2번 출입구 근처",지상,1,지상,4,13,1000,운행,8009828
2호선,호포,2,1번,운행안함,지상,1,지상,4,13,1000,미운행,8009827
2호선,호포,3,,"(4F) 표 내는곳 내 계단 앞
(5F) 양산행 승강장 4-3 앞 ",지상,4,지상,5,13,1000,운행,8099217
2호선,금곡,1,5번,"(1F) 5번 출입구 앞
(2F) 동원역 방향 승강장 출입문 앞",지상,1,지상,2,13,1000,운행,8047408
2호선,금곡,2,6번,"(1F) 4번/5번 출입구 사이 엘리베이터
(2F) 6번 출입구 앞",지상,1,지상,2,13,1000,운행,8047407
2호선,동원,1,2번,"(B1) 율리역 방향 승강장 4-2 출입문 앞
(1F) 1번 출입구 근처",지하,1,지상,1,13,1000,운행,8047405
2호선,동원,2,2번,"(B1) 금곡역 방향 승강장 5-4 출입문 앞
(1F) 1번 출입구 옆",지하,1,지상,1,13,1000,운행,8047406
2호선,율리,1,3번,"(B1) 3번 출입구 방향
(1F) 3번 출입구 앞",지하,1,지상,1,13,1000,운행,8054392
2호선,율리,2,4번,"(B1) 4번 출입구 방향
(1F) 4번 출입구 앞",지하,1,지상,1,13,1000,운행,8047-403
2호선,율리,3,,"(B2) 화명역 방향 승강장 2-2 출입문 앞
(B1) 화명역 방향 표내는 곳 내 계단 앞, 3번 출입구 방향
",지하,2,지하,1,13,1000,운행,8047-404
2호선,율리,4,,"(B2) 동원역 방향 승강장 4-2 출입문 앞
(B1) 동원역 방향 표내는 곳 내 계단 앞, 4번 출입구 방향",지하,2,지하,1,13,1000,운행,8061-310
2호선,화명,1,5번,"(B1) 5번 출입구 방향
(1F) 3번/5번 출입구 사이 엘리베이터, 5번 출입구 근처",지하,1,지상,1,13,1000,운행,8079549
2호선,화명,2,4번,"(B1) 4번 출입구 방향
(1F) 4번 출입구 앞",지하,1,지상,1,13,1000,운행,8116-424
2호선,화명,3,,"(B2) 수정역 방향 승강장 2-2 출입문 앞
(B1) 수정역 방향 표내는 곳 내 계단 앞, 5번 출입구 방향",지하,2,지하,1,13,1000,운행,8019522
2호선,화명,4,,"(B2) 율리역 방향 승강장 5-3 출입문 앞
(B1) 율리역 방향 표내는 곳 내 계단 앞, 4번 출입구 방향",지하,2,지하,1,13,1000,운행,8063542
2호선,수정,1,1번,"(1F) 1번 출구 앞
(B2) 대합실 고객센터 뒤쪽",지하,2,지상,1,13,1000,운행,8002620
2호선,수정,2,4번,"(1F) 4번 출구 뒤
(B2) 대합실 중앙계단 우측 방향",지하,2,지상,1,13,1000,운행,8048459
2호선,수정,3,5번,"(1F) 크리스탈 타워(학사로 8) 앞
(B2) 에스컬레이터 1,2호기 옆",지하,2,지상,1,15,1150,운행,8118-687
2호선,수정,4,,"(B2) 표 내는 곳 1번대 안쪽
(B3) 덕천역 방향 승강장 3-1 출입문 앞",지하,3,지하,2,13,1000,운행,8048458
2호선,수정,5,,"(B2) 표 내는 곳 10번대 안쪽
(B3) 화명역 방향 승강장 5-1 출입문 앞",지하,3,지하,2,13,1000,운행,8022403
2호선,덕천,1,1번,"(1F) 1번 출입구 옆
(B1) 1번/3번 출입구 방향",지하,1,지상,1,13,1000,운행,8056211
2호선,덕천,2,5번,"(1F) 5번 출입구 옆
(B1) 5번 출입구 방향",지하,1,지상,1,13,1000,운행,8056212
2호선,구명,1,1번,"(1F) 1번/3번 출입구 사이
(B1) 3번출입구 방면 표내는곳 옆",지하,1,지상,1,13,1000,운행,8056039
2호선,구명,2,4번,"(1F) 2번/4번 출입구 사이
(B1) 4번출입구 방면 표내는곳 옆",지하,1,지상,1,13,1000,운행,8056038
2호선,구명,3,,"(B1) 1번 출입구 방면 표내는곳 내 앞
(B2) 1번 출입구 방면 표내는곳 내 비상계단 B2층 문 내 앞
(B3) 장산역 방향 승강장 3-3 출입문 앞",지하,3,지하,1,13,1000,운행,8056036
2호선,구명,4,,"(B1) 2번 출입구 방면 표내는곳 내 앞
(B2) 2번 출입구 방면 표내는곳 내 비상계단 B2층 문 내 앞
(B3) 양산역 방향 승강장 5-3 출입문 앞",지하,3,지하,1,13,1000,운행,8056037
2호선,구남,1,3번,"(1F) 1번/3번 출입구 사이
(B1) 1번/3번 출입구 사이",지하,1,지상,1,13,1000,운행,8079795
2호선,구남,2,2번,"(1F) 2번 출입구 근처
(B1) 구명역 방향 표 내는 곳 옆",지하,1,지상,1,13,1000,운행,8079796
2호선,구남,3,,"(B1) 고객센터 앞, 표 내는 곳 내
(B2) B환기실 옆
(B3) 모라역 방향 승강장 5-1 출입문 앞",지하,3,지하,1,13,1000,운행,8079797
2호선,구남,4,,"(B1) 구명역 방향 표내는 곳 내
(B2) 전기실 앞
(B3) 구명역 방향 승강장 5-2 출입문 앞",지하,3,지하,1,13,1000,운행,8079798
2호선,모라,1,3번,"(B1) 대합실 3번 출입구 계단 근처
(1F) 1번/3번 출입구 사이",지하,1,지상,1,13,1000,운행,8053114
2호선,모라,2,"2, 4번","(B1) 2번/4번 출입구 사이 대합실 중앙
(1F) 2번/4번 출입구 사이",지하,1,지상,1,13,1000,운행,8053115
2호선,모라,3,,"(B2) 모덕역 방향 승강장 4-3 출입문 앞
(B1) 1번 출입구 방향",지하,2,지하,1,13,1000,운행,8079738
2호선,모라,4,,"(B2) 구남역 방향 승강장 6-3 출입문 앞
(B1) 2번 출입구 방향",지하,2,지하,1,13,1000,운행,8079739
2호선,모덕,1,3번,"(B1) 대합실 3번 출입구 계단 근처
(1F) 1번/3번 출입구 사이",지하,1,지상,1,13,1000,운행,8053042
2호선,모덕,2,,"(B2) 덕포역 방향 승강장 1-2 출입문 앞
(B1) 덕포역 방향 표내는 곳 안, 3번/4번 출입구 방향",지하,2,지하,1,13,1000,운행,8057759
2호선,모덕,3,,"(B2) 모라역 방향 승강장 3-2 출입문 앞
(B1) 모라역 방향 표내는 곳 안, 3번/4번 출입구 방향",지하,2,지하,1,13,1000,운행,8057760
2호선,덕포,1,3번,"(1F) 3번 출입구 근처
(B1) 표내는 곳 옆 3번 출입구 방향",지하,1,지상,1,13,1000,운행,8055834
2호선,덕포,2,4번,"(1F) 4번 출입구 근처
(B1) 표내는 곳 옆 4번 출입구 방향",지하,1,지상,1,13,1000,운행,8055833
2호선,덕포,3,,"(B1) 표내는 곳 옆, 1번 출입구 방향
(B2) 사상역 방향 승강장 4-2 출입문 앞",지하,2,지하,1,13,1000,운행,8057757
2호선,덕포,4,,"(B1) 표내는 곳 옆, 2번 출입구 방향
(B2) 모덕역 방향 승강장 6-2 출입문 앞",지하,2,지하,1,13,1000,운행,8057758
2호선,사상,1,3번,3번 출입구 옆,지하,1,지상,1,13,1000,운행,8047360
2호선,사상,2,4번,4번 출입구 옆,지하,1,지상,1,13,1000,운행,8053035
2호선,사상,3,,(B1)장산행 승강장 표 내는 곳 안,지하,1,지하,2,13,1000,운행,8019474
2호선,사상,4,,(B1)양산행 승강장 표 내는 곳 안,지하,1,지하,2,13,1000,운행,8019475
2호선,사상,5,"2,4번","(B1) 2번, 4번 출입구 사이 통로",지하,1,지상,1,13,1000,운행,8121-213
2호선,감전,1,1번,"(1F) 1번 출입구 옆 엘리베이터, 1번 출입구 옆",지하,1,지상,1,13,1000,운행,8053493
2호선,감전,2,2번,"(1F) 2번 출입구 근처 엘리베이터, 2번 출입구 근처",지하,1,지상,1,13,1000,운행,8053494
2호선,감전,3,,(B2) 장산역 방향 승강장 2-2 출입문 앞,지하,2,지하,1,13,1000,운행,8000798
2호선,감전,4,,(B2) 양산역 방향 승강장 4-1 출입문 앞,지하,2,지하,1,13,1000,운행,8000799
2호선,주례,1,5번,"(1F) 5번 출입구
(B1) 7번 출입구 계단 앞",지하,1,지상,1,13,1000,운행,8053-034
2호선,주례,2,6번,"(1F) 6번 출입구
(B1) 8번 출입구 계단 앞",지하,1,지상,1,13,1000,운행,8053-033
2호선,주례,3,,"(B1) 표내는곳 앞, 5번/7번 출입구 방향
(B2) 냉정역 방향 승강장 1-2 출입문 앞",지하,2,지하,1,13,1000,운행,8018-385
2호선,주례,4,,"(B1) 표내는곳 앞, 6번/8번 출입구 방향
(B2) 감전역 방향 승강장 3-2 출입문 앞",지하,2,지하,1,13,1000,운행,8018-386
2호선,냉정,1,3번,"(1F) 3번 출입구
(B1) 3번 출입구 ",지하,1,지상,1,13,1000,운행,8053-031
2호선,냉정,2,4번,"(1F)4번 출입구
(B1)4번 출입구",지하,1,지상,1,13,1000,운행,8053-030
2호선,냉정,3,3번,"(1F) 3번 출입구(1번 엘리베이터 맞은편)
(B1) 3번 출입구(1번 엘리베이터 맞은편)",지하,1,지상,1,13,1000,운행,8053-032
2호선,냉정,4,,"(B1) 30번대 표내는곳 내 계단 옆
(B2) 주례역 방향 승강장 3-1 출입문 앞",지하,2,지하,1,13,1000,운행,8108-387
2호선,냉정,5,,"(B1) 1번대 표내는곳 내 계단 옆
(B2) 개금역 방향 승강장 1-1 출입문 앞",지하,2,지하,1,13,1000,운행,8108-388
2호선,개금,1,,"(B1) 표 내는 곳 옆, 1,3번 출입구 방향
(1) 3번 출입구 옆",지하,1,지상,1,13,1000,운행,8020-778
2호선,개금,2,,"(B1) 4번 출입구 방향 계단 옆
(1) 4번 출입구 앞",지하,1,지상,1,13,1000,운행,8021-448
2호선,개금,3,,"(B3) 동의대역 방향 승강장 1-4 출입문 앞
(B2) 기능실 층 계단 앞
(B1) 표 내는 곳 내 계단 옆, 5,7번 출입구 방향",지하,3,지하,1,13,1000,운행,8057-237
2호선,개금,4,,"(B3) 냉정역 방향 승강장 3-4 출입문 앞
(B2) 기능실 층 계단 앞
(B1) 표 내는 곳 내 계단 옆, 4번 출입구 방향
",지하,3,지하,1,13,1000,운행,8057-238
2호선,동의대,1,3번,"(B1) 3번 출입구 방향 계단 옆
(1F) 1/3번 출구 사이",지하,1,지상,1,13,1000,운행,8020-777
2호선,동의대,3,"6, 8번","(B1) 6번/8번 출입구 방향
(1F) 6번 출구 앞",지하,1,지상,1,13,1000,운행,8021-447
2호선,동의대,2,"2, 4번","(B1) 4번 출입구 방향
(1F) 2번/4번 출입구 사이",지하,1,지상,1,13,1000,운행,8022-495
2호선,동의대,4,,"(B4) 개금 방향 승강장 5-3 출입문 앞
(B3) 4번 계단 아래, 환기실 B 근처
(B2) 에스컬레이터 3번/4번 근처
(B1) 개금방향 표내는 곳 내",지하,4,지하,1,13,1000,운행,8018-488
2호선,동의대,5,,"(B4) 가야 방향 승강장 3-4 출입문 앞
(B3) x
(B2) 에스컬레이터 1번/2번 근처
(B1) 가야 방향 표내는 곳 내",지하,4,지하,1,13,1000,운행,8018-487
2호선,가야,1,3번,"(2F) 3번 출입구 근처
(1F) 3번 출입구 근처
(B1) 고객센터 옆 3번 출입구 방향  
",지하,1,지상,1,13,1000,운행,8054-726
2호선,가야,2,4번,"(1F) 4번 출입구 근처
(B1) 고객센터 옆 4번 출입구 방향  ",지하,1,지상,2,13,1000,운행,8007-166
2호선,가야,3,,"(B1) 표내는 곳 내 계단 옆 3번 출입구 방향
(B3) 부암역 방향 승강장 3-3 출입문 앞",지하,3,지하,1,13,1000,운행,8002-762
2호선,가야,4,,"(B1) 표내는 곳 내 계단 옆 4번 출입구 방향
(B3) 동의대역 방향 승강장 3-3 출입문 앞",지하,3,지하,1,13,1000,운행,8002-763
2호선,부암,1,"5,7번","(1F) 5번, 7번 출입구 사이
(B1) 서면역 방향 2개 개찰구 사이",지하,1,지상,1,13,1000,운행,8020-355
2호선,부암,2,6번,"(1F) 6번 출입구 뒤
(B1) 6번 출입구 방향, 고객센터 옆",지하,1,지상,1,13,1000,운행,8021-446
2호선,부암,3,5번,"(B1) 서면역 방향 개찰구 내, 계단 앞
(B3) 서면역 방향 3-2 출입문 앞",지하,3,지하,1,13,1000,운행,8079-770
2호선,부암,4,6번,"(B1) 가야역 방향 개찰구 내, 계단 앞
(B3) 가야역 방향 승강장 5-2 출입문 앞",지하,3,지하,1,13,1000,운행,8079-769
2호선,2서면,1,5번,"(B1) 5번출입구 옆 아이온시티 내부, (1F) 5번/7번 출입구 사이",지하,지하1층,지상,지상1층,13,1000,운행,8003-472
2호선,2서면,2,11번,"(B1) 11번 출입구, 장애인리프트 사이, (1F) 11번 출입구 뒤",지하,지하1층,지상,지상1층,15,1150,운행,8019-962
2호선,2서면,3,,"(B3) 2호선 승강장 전포역 방향 끝, (B2) 1호선 부전역 방향 승강장 환승통로 아래, (B1) 6번/8번 출입구 사이",지하,지하3층,지하,지하1층,13,1000,운행,8055-873
2호선,2서면,4,,"(B3) 2호선 승강장 6-4 출입문, 2호선 E/S 5,6호기 사이 (B2) 1호선 범내골역 방향 승강장 6-3 출입문 앞",지하,지하3층,지하,지하2층,13,1000,운행,8055-874
2호선,2서면,5,,"(B3) 2호선 승강장 전포역 방향 4-1 출입문 앞, (B1) 대합실층 5번/11번 출구 사이",지하,지하3층,지하,지하1층,13,1000,운행,8049-156
2호선,서면,1(V/L),,"(B2, B3) 중간층 환승통로",지하,2,지하,2,,340,운행,8900-002
2호선,서면,2(V/L),,(B1) 역무실 왼쪽 2번계단 하부,지하,1,지하,1,,340,운행,8900-003
2호선,전포,1,3번,"(B1) 표내는곳 외부, 1번/3번 출입구 방향
(1F) 3번 출입구 옆",지하,1,지상,1,13,1000,운행,8019-487
2호선,전포,2,4번,"(B1) 표내는곳 외부, 2번/4번 출입구 방향
(1F) 4번 출입구 옆",지하,1,지상,1,13,1000,운행,8019-488
2호선,전포,3,7번,"(B3) 장산역 방향 승강장 3-1 출입문 앞
(B2) 5번/7번 출입구 방향
(B1) 표내는곳 내, 5번/7번 출입구 방향",지하,3,지하,1,13,1000,운행,8019-489
2호선,전포,4,8번,"(B3) 양산역 방향 승강장 5-1 출입문 앞
(B2) 6번/8번 출입구 방향
(B1) 표내는곳 내, 6번/8번 출입구 방향",지하,3,지하,1,13,1000,운행,8019-490
2호선,국제금융센터,1,"1, 3번","(1F) 1번/3번 출입구 사이 엘리베이터, 부산은행 본점 근처
(B1) 1번/3번 출입구 방향, 부산은행 본점 입구 계단과
3번/4번 에스컬레이터 사이",지하,1,지상,1,13,1000,운행,8059-927
2호선,국제금융센터,2,"2, 4번","(1F) 2번/4번 출입구 사이 엘리베이터, 문현2치안센터 옆
(B1) 2번/4번 출입구 방향",지하,1,지상,1,13,1000,운행,8059-944
2호선,국제금융센터,3,,"(B1) 표 내는 곳 내 계단 옆, 2번/4번 출입구 방향
(B2) 전포역 방향 승강장 4-3 출입구 앞",지하,2,지하,1,13,1000,운행,8084-802
2호선,문현,1,"1, 3번","1, 3번 출입구 사이 엘리베이터",지하,B1,지상,F1,13,1000,운행,8054-663
2호선,문현,2,4번,4번 출입구 옆,지하,B1,지상,F1,13,1000,운행,8054-664
2호선,문현,3,,"(B3) 지게골역 방향 승강장, 3-4",지하,B3,지하,B1,13,1000,운행,8053-810
2호선,문현,4,,"(B3) 국제금융센터 부산은행역 방향 승강장, 4-1",지하,B3,지하,B1,13,1000,운행,8053-811
2호선,지게골,1,,(1F)1번 출구옆 (B1) 1번출구 올라가는 계단옆 ,지하,1,지상,1,13,1000,운행,8055-999
2호선,지게골,2,,(1F) 2번 출구옆 (B1) 우대권발급기 옆 ,지하,1,지상,1,13,1000,운행,8054-122
2호선,지게골,3,,"(B1) 30번대 개찰구 안 (B2) 에스컬레이터1,2호기 앞 
(B3 )3번계단 앞 (B4) 못골역 방향 승강장 3-2앞",지하,4,지하,1,13,1000,운행,8036-981
2호선,지게골,4,,"(B2) 에스컬레이터3,4호기 앞 (B3) 4번계단 앞 
(B4) 문현역 방향 승강장 5-2앞",지하,4,지하,2,13,1000,운행,8036-982
2호선,못골,1,3번,(B1) 3번 출입구 방향,지하,1,지상,1,13,1000,운행,8057-567
2호선,못골,2,4번,"(B1) 고객센터, 화장실 사이 ",지하,1,지상,1,13,1000,운행,8057-927
2호선,못골,3,1번,(B3) 대연역 방면 승강장에서 (B1) 1번 출입구 방향 만남의광장,지하,3,지하,1,13,1000,운행,8004-801
2호선,못골,4,2번,(B3) 지게골역 방면 승강장에서  (B1) 2번 출입구 방향 만남의광장,지하,3,지하,1,13,1000,운행,8004-802
2호선,대연,1,3번,"(1F)1번/3번 출입구 사이 엘리베이터, 3번 출입구 옆",지하,B1,지상,F1,13,1000,운행,8055-998
2호선,대연,2,2번,(1F)2번/4번 출입구 사이 엘리베이터,지하,B1,지상,F1,10,750,운행,8118-641
2호선,대연,3,,(B1) 10~15표내는곳 내 계단 옆 (B2) 3/5번 출입구 방향 (B3)경성대부경대역 방향 승강장 3-3 출입문 앞 ,지하,B3,지하,B1,13,1000,운행,8047-438
2호선,대연,4,,(B1) 20~25표내는곳 내 계단 옆 (B2) 4/6번 출입구 방향 (B3)못골역 방향 승강장 2-2 출입문 앞 ,지하,B3,지하,B1,13,1000,운행,8047-437
2호선,경성대부경대,1,3번,B1 대합실 중간 고객센터 앞 / 1F 3번 출입구 근처 엘리베이터,지하,B1,지상,1F,13,1000,운행,8022-404
2호선,경성대부경대,2,2번,B1 대합실 2번 출입구 방향 / 1F 2번 출입구 근처 엘리베이터,지하,B1,지상,1F,15,1150,운행,8079-605
2호선,경성대부경대,3,3번,  B3 남천역 방향 승강장 2-1 출입문 앞 / B2 남천역 방향 승강장 계단 옆 / B1 대합실 3번 출입구 방향 표 내는 곳 내,지하,B3,지하,B1,13,1000,운행,8079-606
2호선,경성대부경대,4,4번,B3 대연역 방향 승강장 4-1 출입문 앞  / B2 대연역 방향 승강장 계단 옆 / B1 대합실 4번 출입구 방향 표 내는 곳 내,지하,B3,지하,B1,13,1000,운행,8089-866
2호선,남천,1,1번,"(B1) 만남의 장소 근처, 1번 출입구 방향",지하,B1,지상,1,13,1000,운행,8022-726
2호선,남천,2,4번,(B1) 고객센터 옆 구 매표소 맞은편,지하,B1,지상,1,13,1000,운행,8022-727
2호선,남천,3,,(B3) 장산역 방향 승강장 4-1 출입문 앞,지하,B3,지하,B1,13,1000,운행,8079-656
2호선,남천,4,,(B3) 양산역 방향 승강장 6-1 출입문 앞,지하,B3,지하,B1,13,1000,운행,8079-655
2호선,금련산,1,3번,"(B2) 5번 계단 옆
(B1) 물품보관함 방향
(1F) 3번 출입구 옆
",지하,2,지상,1,13,1000,운행,8079-652
2호선,금련산,2,4번,"(B1) 만남의 장소 방향
(1F) 4번 출입구 옆",지하,1,지상,1,13,1000,운행,8036-977
2호선,금련산,3,,"(B4) 광안역 방향 승강장 2-1 출입문 앞
(B2) 표 내는 곳 근처",지하,4,지하,2,13,1000,운행,8079-653
2호선,금련산,4,,"(B4) 남천역 방향 승강장 3-4 출입문 앞
(B2) 표 내는 곳 근처",지하,4,지하,2,13,1000,운행,8079-654
2호선,광안,1,5번,"(1F) 5번 출입구 옆
(B1) 3/5번 출입구 사이",지하,1,지상,1,13,1000,운행,8047-920
2호선,광안,2,6번,"(1F) 6번 출입구 옆
(B2) A환기실 앞",지하,2,지상,1,13,1000,운행,8055-995
2호선,광안,3,,"(B1) 기관사 대기실 옆
 (B2) 고객센터(역무실) 맞은편",지하,1,지하,2,13,1000,운행,8054-443
2호선,광안,4,,"(B2) 표 내는 곳 내, 3/5번 출입구 방향
 (B4) 수영역 방향 승강장 1-4 출입문 앞 ",지하,2,지하,4,13,1000,운행,8055-996
2호선,광안,5,,"(B2) 표 내는 곳 내, 4/6번 출입구 방향
(B4) 금련산역 방향 승강장 3-4 출입문 앞",지하,2,지하,4,13,1000,운행,8055-997
2호선,2수영,1,"1, 2번",(1F) 1/2번 출입구 사이 (B1) 상가화장실 근처,지하,B1,지상,1F,13,1000,운행,8055-905
2호선,2수영,2,"8, 10번",(1F) 8/10 번 출입구 사이 (B1) 8/10 번 출입구 사이,지하,B1,지상,1F,13,1000,운행,8054-309
2호선,2수영,3,"11, 13번",(1F) 11/13 번 출입구 사이 (B1) 11/13 번 출입구 사이,지하,B1,지상,1F,13,1000,운행,8000-131
2호선,2수영,4,,(B1) 20번대 표내는곳 안 (B2) 광안역 방향 5-1출입문 앞 (B3) 수영역 종착 방향 1-4 출입문 앞,지하,B3,지하,B1,13,1000,운행,8061-517
2호선,민락,1,1번,"(1F) 1번 출입구 뒤
(B1) 1번 출입구 방향",지하,1,지상,1,13,1000,운행,8007-191
2호선,민락,2,2번,"(1F) 2번 출입구 뒤
(B1) 2번 출입구 방향",지하,1,지상,1,13,1000,운행,8036-279
2호선,민락,3,1번,"(B1) 표 내는 곳 내, 1번 출입구 방향
(B3) 센텀시티역 방향 승강장 4-1 출입문 앞",지하,3,지하,1,10,750,운행,8036-278
2호선,민락,4,2번,"(B1) 표 내는 곳 내, 2번 출입구 방향
(B3) 수영역 방향 승강장 6-1 출입문 앞",지하,3,지하,1,10,750,운행,8061-437
2호선,센텀시티,1,1번,"(B2) 1번 출입구 방향 연결통로 
(B1) 1번 출입구 중간층 
(1F) 1번 출입구 옆",지하,1,지상,1,13,1000,운행,8021-155
2호선,센텀시티,2,5번,"(B1) 고객센터 옆 
(1F) 5번 출입구 옆",지하,1,지상,1,10,750,운행,8008-145
2호선,센텀시티,3,8번,"(B1) 롯데백화점 화장실 옆 
(1F) 8번 출입구 옆",지하,1,지상,1,13,1000,운행,8006-418
2호선,센텀시티,4,10번,"(B1) 신세계백화점 화장실 옆 
(1F) 12번 출입구 옆",지하,2,지하,1,15,1150,운행,8051-780
2호선,센텀시티,5,,"(B1) 표 내는 곳 계단 옆 
(B2) 벡스코역 방향 승강장 5-2 출입문 앞",지하,2,지하,1,10,750,운행,8008-146
2호선,센텀시티,6,,"(B1) 표 내는 곳 계단 옆 
(B2) 민락역 방향 승강장 6-4 출입문 앞",지하,2,지하,1,10,750,운행,8008-147
2호선,벡스코,1,1번,"(1F) 1번 출입구 옆
(B1) 1번 출입구 방향 엘리베이터 연결통로",지하,1,지상,1,13,1000,운행,8036-280
2호선,벡스코,2,"2번, 4번","(1F) 2, 4번 출입구 옆
(B1) 2, 4번 출입구 옆",지하,1,지상,1,10,750,운행,8036-281
2호선,벡스코,3,7번,"(1F) 7번 출입구
(B1) 7번 출입구 방향 엘리베이터 연결통로",지하,1,지상,1,13,1000,운행,8096-977
2호선,벡스코,4,"9번, 11번","(1F) 9, 11번 출입구 옆
(B1) 9, 11번 출입구 옆",지하,1,지상,1,10,750,운행,8036-282
2호선,벡스코,5,"6번, 8번","(1F) 6, 8번 출입구 옆
(B1) 6, 8번 출입구 옆",지하,1,지상,1,13,1000,운행,8036-283
2호선,벡스코,6,,"(B1) 표내는곳 내 계단 옆
(B2) 동백역 방향 승강장 2-2 출입문 앞",지하,2,지하,1,10,750,운행,8079-696
2호선,벡스코,7,,"(B1) 표내는곳 내 계단 옆
(B2) 센텀시티역 방향 승강장 5-3 출입문 앞",지하,2,지하,1,10,750,운행,8061-548
2호선,동백,1,1번,"(1F) 1번 출입구 옆
(B1) 1번 출입구 옆",지하,1,지상,1,13,1000,운행,8004-725
2호선,동백,2,4번,"(1F) 4번 출입구 옆
(B1) 4번 출입구 옆",지하,1,지상,1,13,1000,운행,8004-726
2호선,동백,3,,"(B1) 1번 출입구 방향 해운대행 표 내는 곳 안
(B2) 해운대역 방향 승강장 5-1 출입문 앞",지하,2,지하,1,13,1000,운행,8048-451
2호선,동백,4,,"(B1) 2번 출입구 방향 벡스코행 표 내는 곳 안
(B2) 벡스코역 방향 승강장 6-4 출입문 앞",지하,2,지하,1,13,1000,운행,8048-452
2호선,해운대,1,5번,"(1F) 5번/7번 출입구 사이 엘리베이터, 5번 출입구 옆
(B1) 5번/7번 출입구 사이 방향",지하,B1,지상,1F,13,1000,운행,8082-659
2호선,해운대,2,2번,"(1F) 2번/4번 출입구 사이 엘리베이터, 2번 출입구 옆
(B1) 2번/4번 출입구 사이 방향",지하,B1,지상,1F,13,1000,운행,8035-378
2호선,해운대,3,,"(B2) 동백역 방향 승강장 5-2 출입문 앞
(B1) 표내는 곳 내 계단 옆, 1번 출입구 방향",지하,B2,지하,B1,13,1000,운행,8035-376
2호선,해운대,4,,"(B2) 중동역 방향 승강장 6-4 출입문 근처
(B1) 표내는 곳 내 계단 옆, 2번 출입구 방향",지하,B2,지하,B1,13,1000,운행,8035-377
2호선,중동,1,5번,"(B1) 5번 출입구 옆
(1F) 5번 출입구 옆",지하,1,지상,1,13,1000,운행,8008-089
2호선,중동,2,4번,"(B1) 4번 출입구 옆
(1F) 4번 출입구 옆",지하,1,지상,1,13,1000,운행,8008-090
2호선,중동,3,7번,"(B1) 7번 출입구 옆
(1F) 7번 출입구 옆",지하,1,지상,1,13,1000,운행,8050-160
2호선,중동,4,8번,"(B1) 8번 출입구 옆
(1F) 8번 출입구 옆",지하,1,지상,1,13,1000,운행,8008-091
2호선,중동,5,,"(B1) 1번대/10번대 표 내는 곳 앞
(B2) 장산역 방향 승강장 1-1 출입문 옆",지하,2,지하,1,13,1000,운행,8057-765
2호선,중동,6,,"(B1) 40번대 표 내는 곳 앞
(B2) 해운대역 방향 승강장 6-4 출입문 옆",지하,2,지하,1,13,1000,운행,8057-766
2호선,장산,1,"5, 7번",(1F) 5번/7번 출입구 사이 엘리베이터,지하,1,지상,1,13,1000,운행,8079-658
2호선,장산,2,"6, 8번",(1F)  6번/8번 출입구 사이 엘리베이터,지하,1,지상,1,13,1000,운행,8018-341
2호선,장산,3,,(B2) 양산행 방향 승강장 2-1출입문 앞,지하,2,지하,1,13,1000,운행,8019-496
3호선,망미,1,3번,B1 3번 출입구 앞,지하,1층,지상,1층,13,1000,운행,8053-051
3호선,망미,2,4번,B1 4번 출입구 앞,지하,1층,지상,1층,13,1000,운행,8053-052
3호선,망미,3,3번,B1 10번대 표내는곳 방향 > B6 수영역 방향 승강장 4-2 출입문 앞,지하,6층,지하,1층,15,1150,운행,8053-053
3호선,망미,4,4번,B1 20번대 표내는곳 방향 > B6 배산역 방향 승강장 4-2 출입문 앞,지하,6층,지하,1층,15,1150,운행,8053-054
3호선,망미,5,3번,B1 10번대 표내는곳 방향 > B6 수영역 방향 승강장 4-2 출입문 앞,지하,6층,지하,1층,15,1150,운행,8053-055
3호선,망미,6,4번,B1 20번대 표내는곳 방향 > B6 배산역 방향 승강장 4-2 출입문 앞,지하,6층,지하,1층,15,1150,운행,8053-056
3호선,배산,1,5번,"(1F) 5번 출입구 옆
(B1) 5번 출입구 방향",지하,1,지상,1,13,1000,운행,8052-531
3호선,배산,2,6번,"(1F) 6번 출입구 옆
(B1) 6번 출입구 방향",지하,1,지상,1,13,1000,운행,8052-532
3호선,배산,3,,"(B1) 10번대 개집표기 내
(B8) 승강장(수영방면)",지하,8,지하,1,15,1150,운행,8036-730
3호선,배산,4,,"(B1) 20번대 개집표기 내
(B8) 승강장(대저방면)",지하,8,지하,1,15,1150,운행,8036-731
3호선,배산,5,,"(B1) 1번대 개집표기 내
(B8) 승강장(수영방면)",지하,8,지하,1,15,1150,운행,8036-732
3호선,배산,6,,"(B1) 30번대 개집표기 내
(B8) 승강장(대저방면)",지하,8,지하,1,15,1150,운행,8036-733
3호선,물만골,1,"1, 3번","(1F) 1, 3번 출입구 사이 엘리베이터
(B2) 표 내는 곳 옆, 1번/3번 출입구 방향",지하,2,지상,1,13,1000,운행,8054-417
3호선,물만골,2,"2, 4번","(1F) 2, 4번 출입구 사이 엘리베이터
(B1) 만남의 장소 옆, 2번/4번 출입구 방향
(B2) 고객센터 옆 2번/4번 출입구 방향",지하,2,지상,1,13,1000,운행,8054-418
3호선,물만골,3,,"(B2) 표 내는 곳 내 1번/3번 출입구 방향
(B5) 배산역 방향 승강장 1-1 출입문 앞",지하,5,지하,2,13,1000,운행,8054-419
3호선,물만골,4,,"(B2) 표 내는 곳 내 2번/4번 출입구 방향
(B5) 연산역 방향 승강장 1-1 출입문 앞",지하,5,지하,2,13,1000,운행,8054-420
3호선,3연산,1,4번,"(1F) 4번 출입구 뒤
(B1) 4번 출구 옆",지하,1,지상,1,13,1000,운행,8055-904
3호선,3연산,2,17번,"(B1) 고객센터 앞
(B2) 시청방향 승강장 4-3 앞
(B4) 물만골방향 승강장 2-1 앞",지하,4,지하,1,13,1000,운행,8055-902
3호선,3연산,3,4번,"(B1) 네이쳐리퍼블릭 상가 뒤, 화장실 근처
(B2) 교대방향 승강장 4-2 앞
(B4) 거제방향 승강장 3-2 앞",지하,4,지하,1,13,1000,운행,8055-903
3호선,거제,1,3번,(B1) 3번출구 옆,지하,B1,지상,1,13,1000,운행,8052-619
3호선,거제,2,4번,(B1) 4번출구 쪽,지하,B1,지상,1,13,1000,운행,8052-620
3호선,거제,3,5번,(B1) 5번출구 옆,지하,B1,지상,1,13,1000,운행,8052-621
3호선,거제,4,8번,(B1) 8번출구 옆,지하,B1,지상,1,13,1000,운행,8052-622
3호선,거제,5,,(B2) 수영방향 승강장 1-4 출입문 앞,지하,B2,지하,B1,13,1000,운행,8036-115
3호선,거제,6,,(B2) 대저방향 승강장 1-4 출입문 앞,지하,B2,지하,B1,13,1000,운행,8036-116
3호선,종합운동장,1,7번,(B2) 부산시의료원 방향 중앙통로,지하,2,지상,1,10,750,운행,8052-623
3호선,종합운동장,2,4번,(B2) 사직방향 대합실 화장실 옆,지하,2,지상,1,10,750,운행,8052-624
3호선,종합운동장,3,11번,(B2) 종합운동장 방향 중앙통로,지하,2,지상,1,10,750,운행,8052-625
3호선,종합운동장,4,,(B3) 사직방향 승강장 1-1 앞,지하,3,지하,2,13,1000,운행,8036-838
3호선,종합운동장,5,,(B3) 거제방향 승강장 1-1 앞,지하,3,지하,2,13,1000,운행,8036-839
3호선,사직,1,3번,"(1F) 3번 출입구 옆
(B1) 대합실, 3번 출입구 방향",지하,1,지상,1,13,1000,운행,8052-629
3호선,사직,2,4번,"(1F) 4번 출입구 옆
(B1) 대합실 화장실 옆, 4번 출입구 방향",지하,1,지상,1,13,1000,운행,8052-630
3호선,사직,3,,"(B1) 표 내는 곳 내 계단 옆, 1번 출입구 방향
(B2) 종합운동장역 방향 승강장 3-3",지하,2,지하,1,13,1000,운행,8037-860
3호선,사직,4,,"(B1) 표 내는 곳 내 계단 옆, 2번 출입구 방향
(B2) 미남역 방향 승강장 3-3",지하,2,지하,1,13,1000,운행,8037-861
3호선,미남,1,1번,"(F1) 1번/3번 출입구 사이 엘리베이터
(B1) 1번/3번 출입구 방향",지하,1,지상,1,13,1000,운행,8036-112
3호선,미남,2,2번,"(F1) 2번/4번 출입구 사이 엘리베이터
(B1) 2번/4번 출입구 방향",지하,1,지상,1,13,1000,운행,8036113
3호선,미남,3,,"(B1) 5번/6번 출입구 사이
(B2) 만덕역 방향 승강장 1-1 출입문 앞 
(B3) 동래역 방향 승강장 4-1 출입문 앞 ",지하,3,지하,1,13,1000,운행,8036114
3호선,만덕,1,3번,지하1층 대합실 > 3번출구 방향,지하1층,지하1층,지상,지상,13,1000,운행,8052920
3호선,만덕,2,4번,지하1층 대합실 > 4번출구 방향,지하1층,지하1층,지상,지상,13,1000,운행,8052921
3호선,만덕,3,,지하9층 승강장 > 지하1층 대합실,지하9층,지하1층,지하1층,지하1층,15,1150,운행,8051216
3호선,만덕,4,,지하9층 승강장 > 지하1층 대합실,지하9층,지하1층,지하1층,지하1층,15,1150,운행,8051217
3호선,만덕,5,,지하9층 승강장 > 지하1층 대합실,지하9층,지하1층,지하1층,지하1층,15,1150,운행,8052922
3호선,만덕,6,,지하9층 승강장 > 지하1층 대합실,지하9층,지하1층,지하1층,지하1층,15,1150,운행,8052923
3호선,만덕,7,,지하9층 승강장 > 지하1층 대합실,지하9층,지하1층,지하1층,지하1층,15,1150,운행,8052924
3호선,남산정,1,"3,5번","(B1) 3번/5번 출입구 방향
(1F) 3번/5번 출입구 사이 엘리베이터, 3번 출입구 옆",시작층(지하),시작층(B1),종료층(지상),종료층(1F),13,1000,운행,8052925
3호선,남산정,2,4번,"(B1) 4번 출입구 방향
(1F) 2번/4번 출입구 사이 엘리베이터, 4번 출입구 옆",시작층(지하),시작층(B1),종료층(지상),종료층(1F),13,1000,운행,8052926
3호선,남산정,3,,"(B2) 만덕역 방향 승강장 4-1 출입문 앞
(B1) 10번대 게이트 옆, 1번/2번 출입구 방향",시작층(지하),시작층(B2),종료층(지하),종료층(B1),13,1000,운행,8037609
3호선,남산정,4,,"(B2) 숙등역 방향 승강장 4-1 출입문 앞
(B1) 20번대 게이트 옆, 1번/2번 출입구 방향",시작층(지하),시작층(B2),종료층(지하),종료층(B1),13,1000,운행,8037610
3호선,숙등,1,1번,"(1F) 1번/3번 출입구 사이
(B1) 1번 출입구 방향",지하,1,지상,1,13,1000,운행,8052874
3호선,숙등,2,2번,"(1F) 2번/4번 출입구 사이
(B1) 2번 출입구 방향",지하,1,지상,1,13,1000,운행,8052875
3호선,숙등,3,,"(B1) 5번 출입구 방향
(B3) 남산정역 방향 숭강장 1-3 출입문 앞
",지하,3,지하,1,13,1000,운행,8052876
3호선,숙등,4,,"(B1) 6번 출입구 방향
(B3) 덕천역 방향 숭강장 1-3 출입문 앞
",지하,3,지하,1,13,1000,운행,8052877
3호선,덕천,1,9번,"(1F) 9번 출입구 근처
(B1) 9번 출입구 방향",지하,1,지상,1,10,750,운행,8052878
3호선,덕천,2,12번,"(1F) 12번 출입구 근처
(B1) 12번 출입구 방향",지하,1,지상,1,10,750,운행,8052879
3호선,덕천,3,,"(B1) 표 내는 곳 앞, 9번/12번 출입구 방향
(B2) 수정역 방향 환승통로
(B3) 구포역 방향 승강장 4-2 출입문 앞",지하,3,지하,1,13,1000,운행,8037484
3호선,덕천,4,,"(B1) 물품보관함 옆, 6번/8번 출입구 방향
(B2) 수정역 방향 승강장 6-4 출입문 앞
(B3) 구포역 방향 승강장 1-2 출입문 앞",지하,3,지하,1,13,1000,운행,8037485
3호선,덕천,5,,"(B1) 표 내는 곳 내부 계단 옆, 5번 출입구 방향
(B2) 구명역 방향 승강장 6-4 출입문 앞
(B3) 구포역 방향 승강장 1-1 출입문 앞",지하,3,지하,1,13,1000,운행,8037485
3호선,구포,1,"1, 3번","(1B) 버스정류장 옆 (1F) 철도 구포역 방향 육교 (2F) 1,3번 출입구 옆",지상,2,지하,1,13,1000,운행,8002908
3호선,구포,2,,(2F)  1번대 표내는곳 앞 (1F) 덕천역 방향 승강장 2-1 출입문 앞,지상,2,지상,1,13,1000,운행,8002909
3호선,구포,3,,(2F) 30번대 표내는곳 앞 (1F) 강서구청역 방향 승강장 2-1 출입문 앞,지상,2,지상,1,13,1000,운행,8002910
3호선,강서구청,1,1번,1층 1번 출입구와 주차장 출입구 중간에 위치,지상,1,지상,4,13,1000,운행,8037780
3호선,강서구청,2,,(4F) 4층 대저방향 게이트 출입구 방향,지상,4,지상,5,13,1000,운행,8037781
3호선,강서구청,3,,(4F) 4층 수영방향 게이트 출입구 방향,지상,4,지상,5,13,1000,운행,8037782
3호선,체육공원,1,"1,2번",2번 출구 맞은편/1번 출구 옆,지상층,1층,지상층,3층,13,1000,운행,8048439
3호선,체육공원,2,,게이트 20번대 안쪽,지상층,3층,지상층,4층,13,1000,운행,8048440
3호선,체육공원,3,,게이트 10번대 안쪽,지상층,3층,지상층,4층,13,1000,운행,8048441
3호선,대저,1,1번,"(1F) 2번 출입구 근처 수방함 옆
(MF) 1번 출입구 근처 벤치 옆
(2F) 1번 출입구 근처 전동휠체어 충전기 옆",지상,1,지상,2,13,1000,운행,8053087
3호선,대저,2,,"(2F) 1번 출입구 근처 13번 개찰구 옆
(3F) 체육공원역 방향 승강장 4-3 출입문 앞",지상,2,지상,3,13,1000,운행,8037947
4호선,미남광장,1,9번,"(F1) 9번 출입구 뒤쪽
(B1) 9번 출입구 맨 안쪽",지하,1,지상,1,13,1000,운행,8057-124
4호선,미남광장,2,10번,"(F1) 10번 출입구 뒤쪽
(B1) 10번 출입구 맨 안쪽",지하,1,지상,1,13,1000,운행,8057-125
4호선,미남광장,3,13번,"(F1) 13번 출입구 뒤쪽
(B1) 13번 출입구 맨 안쪽",지하,1,지상,1,13,1000,운행,8057-126
4호선,미남광장,4,12번,"(F1) 12번 출입구 뒤쪽
(B1) 12번 출입구 맨 안쪽",지하,1,지상,1,13,1000,운행,8057-127
4호선,동래,1,5번,(1F) 5번/7번 출입구 사이 (B1) 5번/7번 출입구 방향 ,지하,지하1층,지상,지상1층,13,1000,운행,8001-486
4호선,동래,2,6번,(1F) 6번 출입구 옆 (B1) 6번 출입구 방향,지하,지하1층,지상,지상1층,13,1000,운행,8001-487
4호선,동래,3,,(B1) 미남행 개찰구안 (B3) 누가타커피 옆 (B4),지하,지하4층,지하,지하1층,13,1000,운행,8001-488
4호선,동래,4,,(B1) 안평행 개찰구안 (B3) 누가타커피 옆 (B4),지하,지하4층,지하,지하1층,13,1000,운행,8001-489
4호선,수안,1,"5,7번",(B1) 5번/7번 출입구 중간,지하,지하1층,지상,지상1층,13,1000,운행,8001-462
4호선,수안,2,"2,4번",(B1) 2번/4번 출구 중간,지하,지하1층,지상,지상1층,13,1000,운행,8000-036
4호선,수안,3,"6,8번",(B1) 6번/8번 출구 중간,지하,지하1층,지하,지하1층,13,1000,운행,8000-037
4호선,수안,4,,(B3) 미남 방향 승강장 1-1 출입문 앞,지하,지하3층,지하,지하1층,13,1000,운행,8000-038
4호선,수안,5,,(B3) 안평 방향 승강장 1-1 출입문 앞,지하,지하3층,지하,지하1층,13,1000,운행,8000-039
4호선,낙민,1,1번,"(1F)1번 출입구 근처
(B1F) 1번 출입구 방향",지하,1,지상,1,13,1000,운행,8018-601
4호선,낙민,2,2번,"(1F) 2번 출입구 근처
(B1F) 2번/ 4번 출입구 사이",지하,1,지상,1,13,1000,운행,8018-600
4호선,낙민,3,,"(B1F)안평환경사업소 앞
(B3) 안평 방향 본선출입문 옆",지하,3,지하,1,13,1000,운행,8018-602
4호선,충렬사,1,"1,3번","1F 1번/3번 출입구 사이 엘리베이터, B1 1번 출입구 방향",지하,1,지상,1,13,1000,운행,8018-765
4호선,충렬사,2,"2,4번","(1F)2번/4번 출입구 사이 엘리베이터, (B1)4번 출입구 방향",지하,1,지상,1,13,1000,운행,8018-766
4호선,충렬사,3,,"(B1)표 내는 곳 내 계단 옆, (B2)대합실, (B3)낙민역 방향 승강장",지하,3,지하,1,13,1000,운행,8018-767
4호선,충렬사,4,,"(B1)표 내는 곳 내 계단 옆, (B2)대합실, (B3)명장역 방향 승강장",지하,3,지하,1,13,1000,운행,8018-768
4호선,명장,1,3번,"(1F) 3번, 1번 출입구 사이
(B1) 대합실 고객센터 옆",지하,1,지상,1,13,1000,운행,8018-623
4호선,명장,2,4번,"(1F) 4번, 2번 출입구 사이
(B1)  만남의 장소 옆",지하,1,지상,1,13,1000,운행,8018-624
4호선,명장,3,3번,"(B1) 표 내는 곳 내 계단 옆, 1번/3번 출입구 방향
(B2) 중간층 1번/3번 출입구 방향
(B3) 충렬사역 방향 승강장 3-20출입문 앞",지하,3,지하,1,13,1000,운행,8018-625
4호선,명장,4,4번,"(B1) 표 내는 곳 내 계단 옆, 2번/4번 출입 구 방향
(B2) 중간층 2번/4번 출입구 방향
(B3) 서동역 방향 승강장 4-1 출입문 앞",지하,3,지하,1,13,1000,운행,8018-626
4호선,서동,1,3번,"(지상1층) 1,3번 출입구 사이,(지하1층) E/S 1,2호기 앞 ",지하,1,지상,1,13,1000,운행,8018-733
4호선,서동,2,4번,"(지상1층) 2,4번 출입구 사이,(지하1층) E/S 3,4호기 앞 ",지하,1,지상,1,13,1000,운행,8018-734
4호선,서동,3,,"(지하1층) 역무설비실 옆,(지하2층) 지하2층 광장
(지하3층)상선승강장 3-2 출입문 근처",지하,3,지하,1,13,1000,운행,8018-735
4호선,서동,4,,"(지하1층) 고객센터 옆,(지하2층) 지하2층 광장
(지하3층) 하선승강장 4-1 출입문 근처",지하,3,지하,1,13,1000,운행,8018-736
4호선,금사,1,3번,(1F) 3번 출입구 1번 출입구 중간 지점,지하,1,지상,1,13,1000,운행,8018-703
4호선,금사,2,4번,(1F) 2번 출입구 4번 출입구 중간 지점,지하,1,지상,1,13,1000,운행,8018-704
4호선,금사,3,,(B1) 개찰구 내 대합실 끝 지점,지하,3,지하,1,13,1000,운행,8018-705
4호선,반여,1,"1,2번","1. (B1) 금사역 방향 출입문 3-1 앞
2. (F1) 1, 2번 출입구 사이 엘리베이터",지하,B1,지상,1F,13,1000,운행,8057-157
4호선,반여,2,"1,2번","1. (B1) 석대역 방향 출입문 3-1 앞
2. (F1) 1, 2번 출입구 사이 엘리베이터",지하,B1,지상,1F,13,1000,운행,8057-158
4호선,반여,3,,(1F) 2번 출입구 쪽 ,지상,1F,지상,6F,13,1000,운행,8047-550
4호선,석대,1,2번,"(F2) 반여농산물시장역, 영산대역 방향 출입문 2-2 앞",지상,1F,지상,2F,13,1000,운행,8057-166
4호선,영산대,1,1번,(1F) 1번/3번 출입구 사이,지상,1,지상,2,13,1000,운행,8057-154
4호선,영산대,2,2번,(1F) 2번 출입구 게이트 옆,지상,1,지상,2,13,1000,운행,8057-155
4호선,영산대,3,,(2F) E/S 앞,지상,2,지상,3,13,1000,운행,8057-156
4호선,윗반송,1,3번,"(1F) 1번/3번 출입구 사이 엘리베이터
(2F) 1번/3번 출입구 사이 엘리베이터, 대합실 옆",지상,1,지상,2,13,1000,운행,8057-159
4호선,윗반송,2,4번,"(1F) 2번/4번 출입구 사이 엘리베이터
(2F) 2번/4번 출입구 사이 엘리베이터, 대합실 옆",지상,1,지상,2,13,1000,운행,8057-160
4호선,윗반송,3,,"(2F) 표내는곳 옆
(3F) 승강장 1-2 출입문 앞",지상,2,지상,3,13,1000,운행,8057-161
4호선,고촌,1,1번,"(1F) 1번/3번 출입구 사이 엘리베이터
(2F) 1번/3번 출입구 사이 엘리베이터, 대합실 옆",지상,1,지상,2,13,1000,운행,8057-079
4호선,고촌,2,2번,"(1F) 2번/4번 출입구 사이 엘리베이터
(2F) 2번/4번 출입구 사이 엘리베이터, 대합실 옆",지상,1,지상,2,13,1000,운행,8057-189
4호선,고촌,3,,"(2F) 표내는곳 옆
(3F) 승강장 1-2 출입문 앞",지상,2,지상,3,13,1000,운행,8057-190
4호선,안평,1,"1,3번","(1) 1,3번 출입구 사이 
(2) 1번 출입구 계단 앞",지상,1,지상,2,13,1000,운행,8018-620
4호선,안평,2,"2,4번","(1) 2,4번 출입구 사이 
(2) 2번 출입구 계단 앞",지상,1,지상,2,13,1000,운행,8018-621
4호선,안평,3,,"(2) 표내는 곳 안쪽 에스컬레이터 앞
(3) 승강장 미남방향 1-1 옆",지상,2,지상,3,13,1000,운행,8018-622
