호선명,역명,에스컬레이터 관리번호,,근접 출입구번호,시작층(지상/지하),시작층(운행역층),시작층(상세위치),종료층(지상/지하),종료층(운행역층),종료층(상세위치),승강기 상태,승강기형폭,승강기 일련번호
1호선,노포,1,상행,3번,지상,1,(1F) 노포행 승강장 4-3 출입문 앞 ,지상,2,"(2F) 30번대 표내는곳 내 계단 옆, 3번 출입구 근처, ",운행,1200형,8800-026
1호선,노포,2,상행,3번,지상,1,(1F) 노포행 승강장 1-1 인근,지상,2,(2F) 종합버스터미널 가는 길목측 대합실,운행,1200형,8806-650
1호선,범어사,1,상행,,지하,2,(B2) 표내는 곳 옆,지하,1, (B1) 5번/7번 출입구 방향,운행,1200형,8803-522
1호선,동래,1,상행,,지상,1.5,(1.5F) 4호선 환승통로 > (2F)교대역 방향 4-1 출입문 앞,지상,2,(2F)교대역 방향 4-1 출입문 앞>(1.5F) 4호선 환승통로,운행,800형,8803-676
1호선,동래,2,상행,,지상,1.5,(1.5F) 4호선 환승통로 > (2F)명륜역 방향 4-1 출입문 앞,지상,2,(2F)명륜역 방향 4-1 출입문 앞>(1.5F) 4호선 환승통로,운행,800형,8803-677
1호선,교대,1,상행,4번,지하,1,(B1) 4번출입구,지상,1,(B1) 4번출입구,운행,1200형,8804-578
1호선,1연산,1,상행,,지하,2,(B2)시청역 방향 승강장 6-1출입문 앞,지하,1,"(B1)표내는곳 계단 옆, 1번/2번 출입구 방향",운행,1200형,8801-183
1호선,1연산,2,상행,,지하,2,(B2)교대역 방향 승강장 6-2출입문 앞,지하,1,"(B1)표내는곳 계단 옆, 1번/2번 출입구 방향",운행,1200형,8801-184
1호선,1연산,3,상행,,지하,2,(B2)시청역 방향 승강장 3-3출입문 앞,지하,1,"(B1)표내는곳 계단 옆, 5번/7번번 출입구 방향",운행,800형,8801-185
1호선,1연산,4,상행,,지하,2,(B2)교대역 방향 승강장 2-3출입문 앞,지하,1,"(B1)표내는곳 계단 옆, 14번/16번번 출입구 방향",운행,800형,8801-186
1호선,1서면,1,상행,13번,지하,1,(B1) 13번 출입구 아래,지상,1,(1F) 13번 출입구 위,운행,1200형,8800-012
1호선,1서면,2,상행,10번,지하,1,(B1) 10번 출입구 아래,지상,1,(1F) 10번 출입구 위,운행,1200형,8800-013
1호선,1서면,3,상행,,지하,2,(B2) 1호선 승강장 범내골 방향 8-1 출입문 앞,지하,1,(B1) 대합실 서면몰 방향 끝 표 내는 곳,운행,1200형,8800-014
1호선,1서면,4,상행,,지하,2,(B2) 1호선 승강장 부전역 방향 8-1 출입문 앞,지하,1,(B1) 대합실 서면몰 방향 끝 표 내는 곳,운행,1200형,8800-015
1호선,1서면,5,상행,,지하,2,(B2) 1호선 승강장 범내골 방향 5-1 출입문 앞,지하,1,(B1) 대합실층 역무실 옆 표 내는 곳 안,운행,1200형,8800-016
1호선,1서면,6,상행,,지하,2,(B2) 1호선 승강장 부전역 방향 5-1 출입문 앞,지하,1,(B1) 대합실층 역무실 옆 표 내는 곳 안,운행,1200형,8800-017
1호선,1서면,7,상행,,지하,2,(B2) 1호선 승강장 범내골 방향 3-1 출입문 앞,지하,1,(B1) 대합실층 부전몰 뱡향 13번/15번 출구 사이,운행,1200형,8800-018
1호선,1서면,8,상행,,지하,2,(B2) 1호선 승강장 부전역 방향 3-1 출입문 앞,지하,1,(B1) 대합실층 부전몰 뱡향 10번/12번 출구 사이,운행,1200형,8800-019
1호선,1서면,9,상행,,지하,2,(B2) 1호선 승강장 범내골 방향 1-2 출입문 앞,지하,1,(B1) 대합실층 부전몰 뱡향 13번/15번 출구 사이,운행,1200형,8800-020
1호선,1서면,10,상행,,지하,2,(B2) 1호선 승강장 부전역 방향 1-2 출입문 앞,지하,1,(B1) 대합실층 부전몰 뱡향 10번/12번 출구 사이,운행,1200형,8800-021
1호선,범내골,1,상행,5번,지하,1, (B1) 5번 출입구 옆 ,지상,1,(1F) 5번 출입구 옆,운행,1200형,8800-532
1호선,범내골,2,상행,4번,지하,1,(B1) 4번 출입구 옆,지상,1,(1F) 4번 출입구 옆,운행,1200형,8803-583
1호선,부산역,1,상행,,지하,2,(B2) 중앙역 방향 6-2 출입문앞 ,지하,1,"(B1) 표내는곳, 1번/2번/3번/4번 출입구 방향",운행,1200형,8801-239
1호선,부산역,2,상행,,지하,2,(B2) 초량역 방향 6-1 출입문앞 ,지하,1,"(B1) 표내는곳, 1번/2번/3번/4번 출입구 방향",운행,1200형,8803-503
1호선,부산역,3,상행,,지하,2,(B2) 중앙역 방향 3-3 출입문앞,지하,1,"(B1) 표내는곳, 5번/6번/7번 출입구 방향",운행,1200형,8800-832
1호선,부산역,4,상행,,지하,2,(B2) 초량역 방향 3-2 출입문앞 ,지하,1,"(B1) 표내는곳, 5번/6번/7번 출입구 방향",운행,1200형,8800-833
1호선,부산역,5,상행,6번,지하,1,(B1) 6번 출입구 방향,지상,1,(지상 외부) 부산역광장,운행,1200형,8807-077
1호선,부산역,6,하행,6번,지상,1,(지상외부) 6번 출입구,지하,1,(B1) 대합실,운행,1200형,8807-078
1호선,중앙,1,상행,,지하,2,(B2) 남포역 방향 6-1 출입문 앞,지하,1,(B1) 대합실,운행,1200형,8800-834
1호선,중앙,2,상행,,지하,2,(B2) 남포역 방향 2-3 출입문 앞,지하,1,(B1) 대합실,운행,1200형,8800-835
1호선,남포,1,상행,2번,지하,1,(B1) 2번 출입구 방향,지상,1,(1F) 2번 출입구 앞,운행,800형,8803-639
1호선,남포,2,하행,6번,지상,1,(1F) 6번 출입구 앞,지하,1,(B1) 6번 출입구 방향,운행,800형,8803-640
1호선,남포,3,상행,6번,지하,1,(B1) 6번 출입구 방향,지상,1,(1F) 6번 출입구 앞,운행,800형,8803-418
1호선,남포,4,상행,1번/3번,지하,2,(B2) 자갈치역 방향 승강장 6-2 출입문 앞,지하,1,(B1) 표 내는 곳 내 계단 옆. 1번/3번 출입구 방향,운행,1200형,8803-614
1호선,남포,5,상행,2번,지하,2,(B2) 중앙역 방향 승강장 5-2 출입문 앞,지하,1,(B1) 표 내는 곳 내 계단 옆. 2번 출입구 방향,운행,1200형,8804-566
1호선,남포,6,상행,5번,지하,2,(B2) 자갈치역 방향 승강장 3-3 출입문 앞,지하,1,(B1) 표 내는 곳 내 계단 옆. 5번 출입구 방향,운행,1200형,8804-567
1호선,남포,7,상행,4번/6번,지하,2,(B2) 중앙역 방향 승강장 2-3 출입문 앞,지하,1,(B1) 표 내는 곳 내 계단 옆. 4번/6번 출입구 방향,운행,1200형,8806-923
1호선,자갈치,1,상행,10번,지하,1,(B1) 10번 출입구 방향 대합실,지상,1,(F1) 10번 출입구 근처,운행,1200형,8801-115
1호선,자갈치,2,하행,10번,지상,1,(F1) 10번 출입구 근처,지하,1,(B1) 10번 출입구 방향 대합실,운행,1200형,8801-116
1호선,자갈치,3,상행,,지하,2,(B2) 토성역 방향 승강장 6-2 출입문 앞,지하,1,(B1) 3번 출입구 방향,운행,1200형,8803-502
1호선,자갈치,4,상행,,지하,2,(B2) 남포역 방향 승강장 6-1 출입문 앞,지하,1,"(B1) 4,6번 출입구 방향",운행,1200형,8803-637
1호선,자갈치,5,상행,,지하,2,(B2) 토성역 방향 승강장 4-1 출입문 앞,지하,1,"(B1) 5,7번 출입구 방향",운행,1200형,8803-638
1호선,자갈치,6,상행,,지하,2,(B2) 남포역 방향 승강장 3-3 출입문 앞,지하,1,"(B1) 8,10번 출입구 방향",운행,1200형,8801-232
1호선,서대신,1,상행,,지하,2,(B2) 표내는 곳 내 계단 근처,지하,1,"(B1)  표 내는 곳 내 계단 근처, 1번 출입구 방향",운행,1200형,8800-827
1호선,서대신,2,상행,,지하,2,(B2) 표내는 곳 내 고객센터 근처 ,지하,1,"(B1) 표내는 곳 근처, 3번 출입구 방향",운행,1200형,8804-667
1호선,서대신,3,하행,,지하,1,"(B1) 표내는 곳 근처, 3번 출입구 방향",지하,2,(B2) 표내는 곳 내 고객센터 근처,운행,1200형,8800-860
1호선,서대신,4,상행,,지하,4,(B4) 대티역 방향 승강장 6-3 출입문 앞,지하,2,(B2) 표내는 곳 내 계단 근처,운행,1200형,8800-828
1호선,서대신,5,하행,,지하,2,(B2) 표내는 곳 내 계단 근처,지하,4,(B4) 동대신역 방향 승강장 6-3 출입구 옆,운행,1200형,8800-829
1호선,서대신,6,상행,,지하,4,(B4) 대티역 방향 승강장 3-1 출입문 앞,지하,2,(B2) 표내는 곳 내 고객센터 근처,운행,1200형,8800-861
1호선,서대신,7,하행,,지하,2,(B2) 표내는 곳 내 고객센터 근처,지하,4,(B4) 동대신역 방향 승강장 3-1 출입구 옆,운행,1200형,8800-862
1호선,대티,1,하행,,지하,3,(B3) 개찰구 내 4번 계단 옆,지하,5,(B5) 서대신역 방향 6-3 출입문 앞,운행,1200형,8800-830
1호선,대티,2,상행,,지하,5,(B5) 괴정역 방향 6-3 출입문 앞,지하,3,(B3) 개찰구 내 4번 계단 옆,운행,1200형,8800-831
1호선,대티,3,하행,,지하,3,(B3) 개찰구 내 4번 계단 옆,지하,5,(B5) 서대신역 방향 2-3 출입문 앞,운행,1200형,8800-572
1호선,괴정,1,상행,5번,지하,1,(B1) 대합실 괴정전자분소 옆 5번 출입구 방향,지상,1,지상 5번 출입구 앞,운행,800형,8806-831
1호선,괴정,2,하행,5번,지상,1,지상 5번 출입구 앞,지하,1,(B1) 대합실 괴정전자분소 옆 5번 출입구 방향,운행,800형,8806-832
1호선,하단,1,상행,5번,지하,0.5,"(B0.5) 3,5번 출입구 중간계단층",지상,1,5번 출입구 앞,운행,800형,8806-706
1호선,하단,2,하행,5번,지상,1,5번 출입구 앞,지하,0.5,"(B0.5) 3,5번 출입구 중간계단층",운행,800형,8806-707
1호선,동매,1,하행,2번,지상,1,지상 2번 출입구 앞,지하,1,(B1) 대합실 고객센터 근처,운행,800형,8807-874
1호선,동매,2,상행,2번,지하,1,(B1) 대합실 고객센터 근처,지상,1,지상 2번 출입구 앞,운행,800형,8807-875
1호선,동매,3,상행,3번,지상,1,지상 3번 출입구 앞,지하,1,(B1) 대합실 화장실 옆,운행,800형,8806-670
1호선,동매,4,하행,3번,지하,1,(B1) 대합실 화장실 옆,지상,1,지상 3번 출입구 앞,운행,800형,8806-671
1호선,동매,5,상행,4번,지하,1,(B1) 대합실 만남의 광장 근처,지상,1,지상 4번 출입구 앞,운행,800형,8806-672
1호선,동매,6,하행,4번,지상,1,지상 4번 출입구 앞,지하,1,(B1) 대합실 만남의 광장 근처,운행,800형,8806-673
1호선,동매,7,상행,,지하,2,(B2) 장림역 방향 승강장 6-2 출입문 근처,지하,1,(B1) 장림역 방향 표 내는 곳 9번 승강기 뒤쪽,운행,800형,8806-674
1호선,동매,8,상행,,지하,2,(B2) 신평역 방향 승강장 6-2 출입문 근처,지하,1,(B1) 신평역 방향 표 내는곳 10번 승강기 뒤쪽,운행,800형,8806-675
1호선,동매,9,상행,,지하,2,(B2) 장림역 방향 승강장 3-2 출입문 근처,지하,1,(B1) 장림역 방향 표 내는곳 9번 승강기 앞쪽,운행,1200형,8806-676
1호선,동매,10,하행,,지하,1,(B1) 장림역 방향 표 내는곳 9번 승강기 앞쪽,지하,2,(B2) 장림역 방향 승강장 3-2 출입문 근처,운행,800형,8806-677
1호선,동매,11,하행,,지하,2,(B2) 신평역 방향 승강장 3-2 출입문 근처,지하,1,(B1) 신평역 방향 표 내는곳 10번 승강기 앞쪽,운행,1200형,8806-678
1호선,동매,12,상행,,지하,1,(B1) 신평역 방향 표 내는곳 10번 승강기 앞쪽,지하,2,(B2) 신평역 방향 승강장 3-2 출입문 근처,운행,800형,8886-679
1호선,장림,1,상행,1번,지하,1,(B1) 1번 출입구,지상,1,"(1)장림 파출소 맞은편, 장림 삼거리 앞",운행,800형,8806-692
1호선,장림,2,상행,1번,지상,1,"(1F)장림 파출소 맞은편, 장림 삼거리 앞",지하,1,(B1) 1번 출입구,운행,800형,8806-693
1호선,장림,3,하행,3번,지상,1,(1F)제일제당 공장 맞은편,지하,1,(B1) 3번 출입구 근처,운행,800형,8806-694
1호선,장림,4,상행,3번,지하,1,(B1) 3번 출입구 근처,지상,1,(1)제일제당 공장 맞은편,운행,800형,8806-695
1호선,장림,5,하행,5번,지상,1,(1F)하이마트 맞은편,지하,1,(B1)5번 출입구 근처,운행,800형,8806-696
1호선,장림,6,상행,5번,지하,1,(B1)5번 출입구 근처,지상,1,(1)하이마트 맞은편,운행,800형,8806-697
1호선,장림,7,하행,6번,지상,1,(1F)홈플러스 맞은편,지하,1,(B1)6번 출입구 근처,운행,800형,8806-698
1호선,장림,8,상행,6번,지하,1,(B1)6번 출입구 근처,지상,1,(1)홈플러스 맞은편,운행,800형,8806-699
1호선,장림,9,상행,3번,지하,2,(B2)신장림역 방향 6-3 근처,지하,1,(B1)신장림역 방향 표 내는 곳 근처,운행,800형,8806-700
1호선,장림,10,상행,3번,지하,2,(B2)동매역 방향 6-3 근처,지하,1,(B1)동매역 방향 표 내는 곳 근처,운행,800형,8806-701
1호선,장림,11,상행,3번,지하,1,(B1)신장림역 방향 표 내는 곳 근처,지하,2,(B2)신장림역 방향 승강장 3-3 근처,운행,1200형,8806-702
1호선,장림,12,하행,3번,지하,2,(B2)신장림역 방향 승강장 3-3 근처,지하,1,(B1)신장림역 방향 표 내는 곳 근처,운행,1200형,8806-703
1호선,장림,13,상행,3번,지하,2,(B2)동매역 방향 승강장 3-2 근처,지하,1,(B1)동매역 방향 표 내는 곳 근처,운행,1200형,8806-704
1호선,장림,14,하행,3번,지하,1,(B1)동매역 방향 표 내는 곳 근처,지하,2,(B2)동매역 방향 승강장 3-2 근처,운행,1200형,8806-705
1호선,신장림,1,상행,1번,지하,1,(B1) 1번 출입구 방향,지상,1,(1F) 1번 출입구 근처,운행,800형,8806-680
1호선,신장림,2,상행,2번,지하,1,(B1) 2번 출입구 방향,지상,1,(1F) 2번 출입구 근처,운행,1000형,8806-681
1호선,신장림,3,하행,2번,지상,1,(1F) 2번 출입구 근처,지하,1,(B1) 2번 출입구 방향,운행,1000형,8806-682
1호선,신장림,4,상행,3번,지상,1,(1F) 3번 출입구 근처,지하,1,(B1) 3번 출입구 방향,운행,1000형,8806-683
1호선,신장림,5,하행,3번,지하,1,(B1) 3번 출입구 방향,지상,1,(1F) 3번 출입구 근처,운행,1000형,8806-684
1호선,신장림,6,상행,4번,지하,1,(B1) 4번 출입구 방향,지상,1,(1F) 4번 출입구 근처,운행,1200형,8806-685
1호선,신장림,7,하행,,지하,1,(B1) 개찰구 10번대 방향,지하,2,(B2) 낫개역 방향 6-3 출입문 앞,운행,1000형,8806-686
1호선,신장림,8,상행,,지하,2,(B2) 개찰구 10번대 방향,지하,1,(B1) 대합실 개찰구 10번대 앞,운행,1200형,8806-687
1호선,신장림,9,하행,,지하,1,(B1) 개찰구 20번대 방향,지하,2,(B2) 장림역 방향 6-3 출입문 앞,운행,1000형,8806-688
1호선,신장림,10,상행,,지하,2,(B2) 개찰구 20번대 방향,지하,1,(B1) 대합실 개찰구 20번대 앞,운행,1200형,8806-689
1호선,신장림,11,상행,,지하,2,(B2) 개찰구 1번대 방향,지하,1,(B1) 대합실 개찰구 1번대 앞,운행,1200형,8806-690
1호선,신장림,12,상행,,지하,2,(B2) 개찰구 30번대 방향,지하,1,(B1) 대합실 개찰구 30번대 앞,운행,1200형,8806-691
1호선,낫개,1,상행,1번,지하,1,(B1) 1번 출입구 방향 만남의 장소 옆,지상,1,(1F) 1번 출입구 ,운행,800형,8805-183
1호선,낫개,2,하행,1번,지상,1,(1F) 1번 출입구 ,지하,1,(B1) 1번 출입구 방향 만남의 장소 옆,운행,800형,8805-182
1호선,낫개,3,상행,"2,4번",지하,1,(B1) 2번/4번 출입구 방향,지상,1,(1F) 2/4번 출입구,운행,1200형,8805-185
1호선,낫개,4,하행,"2,4번",지상,1,(1F) 2/4번 출입구,지하,1,(B1) 2번/4번 출입구 방향,운행,1200형,8805-184
1호선,낫개,5,상행,6번,지하,1,(B1) 6번 출입구 방향,지상,1,(B1) 6번 출입구 ,운행,800형,8805-186
1호선,낫개,6,하행,,지하,중층,3번 출입구 근처,지하,1,다대포항역 방향 표내는 곳 옆,운행,800형,8805-187
1호선,낫개,7,상행,,지하,1,다대포항역 방향 표내는 곳 옆,지하,중층,3번 출입구 근처,운행,800형,8805-188
1호선,낫개,8,상행,,지하,3,(B3)다대포항역 방향 승강장 8-1 출입문 앞,지하,1,(B1)다대포항역 방향 표내는 곳 내,운행,800형,8805-189
1호선,낫개,9,상행,,지하,3,(B3)신장림역 방향 승강장 7-3 출입문 앞 ,지하,1,(B1)신장림역 방향 표내는 곳 내,운행,800형,8805-190
1호선,낫개,10,상행,,지하,3,(B3)다대포항역 방향 승강장 3-3 출입문 앞,지하,1,(B1)다대포항역 방향 표내는 곳 내,운행,1200형,8805-191
1호선,낫개,11,하행,,지하,1,(B1)다대포항역 방향 표내는 곳 내,지하,3,(B3)다대포항역 방향 승강장 3-3 출입문 앞,운행,800형,8805-192
1호선,낫개,12,상행,,지하,3,(B3)신장림역 방향 승강장 3-2 출입문 앞 ,지하,1,(B1)신장림역 방향 표내는 곳 내,운행,1200형,8805-194
1호선,낫개,13,하행,,지하,1,(B1)신장림역 방향 표내는 곳 내,지하,3,(B3)신장림역 방향 승강장 3-2 출입문 앞 ,운행,800형,8805-193
1호선,다대포항,1,상행,1번,지하,중층,1번 출입구 방향,지상,1,1번 출입구,운행,800형,8806-564
1호선,다대포항,2,하행,1번,지상,1,1번 출입구,지하,중층,1번 출입구 방향,운행,800형,8806-565
1호선,다대포항,3,상행,1번,지하,중층,1번 출입구 방향,지하,1,1번 출입구 방향,운행,1200형,8806-652
1호선,다대포항,4,하행,1번,지하,1,1번 출입구 방향,지하,즁충,1번 출입구 방향,운행,1200형,8806-651
1호선,다대포항,5,상행,2번,지하,1,2번 출입구 방향,지상,1,2번 출입구,운행,800형,8807-910
1호선,다대포항,6,하행,2번,지상,1,2번 출입구 방향,지하,1,2번 출입구,운행,800형,8807-911
1호선,다대포항,7,상행,3번,지하,중층,3번 출입구 방향,지상,1,3번 출입구,운행,1200형,8806-663
1호선,다대포항,8,하행,3번,지상,1,3번 출입구,지하,중층,3번 출입구 방향,운행,1200형,8806-664
1호선,다대포항,9,하행,3번,지하,중층,3번 출입구 방향,지하,1,3번 출입구 방향,운행,1200형,8805-666
1호선,다대포항,10,상행,3번,지하,1,3번 출입구 방향,지하,중층,3번 출입구 방향,운행,1200형,8805-665
1호선,다대포항,11,하행,4번,지하,중층,4번 출입구 방향,지상,1,4번 출입구,운행,1200형,8806-661
1호선,다대포항,12,상행,4번,지상,1,4번 출입구,지하,중층,4번 출입구 방향,운행,1200형,8806-662
1호선,다대포항,13,상행,4번,지하,1,4번 출입구 방향,지하,중층,4번 출입구 방향,운행,1200형,8806-660
1호선,다대포항,14,하행,4번,지하,중층,4번 출입구 방향,지하,1,4번 출입구 방향,운행,1200형,8806-668
1호선,다대포항,15,하행,,지하,중층,4번 출입구 방향,지하,1,4번 출입구 방향,운행,1200형,8806-657
1호선,다대포항,16,상행,,지하,1,4번 출입구 방향,지하,중층,4번 출입구 방향,운행,1200형,8806-658
1호선,다대포항,17,하행,,지하,1,다대포해수욕장역 방향 표내는 곳,지하,2,다대포해수욕장역 방향 6-2 출입문 앞,운행,1200형,8806-653
1호선,다대포항,18,상행,,지하,2,다대포해수욕장역 방향 6-2 출입문 앞,지하,1,다대포해수욕장역 방향 표내는 곳,운행,1200형,8806-654
1호선,다대포항,19,하행,,지하,1,낫개역 방향 표내는 곳,지하,2,낫개역 방향 6-2 출입문 앞,운행,1200형,8806-655
1호선,다대포항,20,상행,,지하,2,낫개역 방향 6-2 출입문 앞,지하,1,낫개역 방향 표내는 곳,운행,1200형,8806-656
1호선,다대포항,21,상행,,지하,2,다대포해수욕장역 방향 3-2 출입문 앞,지하,1,다대포해수욕장역 방향 표내는 곳,운행,1200형,8806-566
1호선,다대포항,22,상행,,지하,2,낫개역 방향 3-2 출입문 앞,지하,1,낫개역 방향 표내는 곳,운행,1200형,8806-659
1호선,"다대포
해수욕장",1,상행,1번,지하,0.5,(B0.5) 1번 출입구 근처,지하,중층,(B중간층) 1번 출입구 방향,운행,800형,8806-551
1호선,"다대포
해수욕장",2,하행,1번,지상,1,(1F) 1번 출입구 근처,지상,1,(1F) 1번 출입구,운행,800형,8806-552
1호선,"다대포
해수욕장",3,상행,"1, 3번",지하,1,"(B1) 1,3번 출입구 근처",지하,1,"(B1) 1,3번 출입구 방향",운행,800형,8806-553
1호선,"다대포
해수욕장",4,상행,2번,지하,1,(B1) 2번 출입구 근처,지하,1,(B1) 2번 출입구 방향,운행,1200형,8806-554
1호선,"다대포
해수욕장",5,하행,2번,지상,1,(1F) 2번 출입구 근처,지상,1,(1F) 2번 출입구,운행,1200형,8806-555
1호선,"다대포
해수욕장",6,상행,4번,지상,1,(1F) 4번 출입구 근처,지상,1,(1F) 4번 출입구,운행,1200형,8806-556
1호선,"다대포
해수욕장",7,하행,4번,지하,1,(B1) 4번 출입구 근처,지하,1,(B1) 4번 출입구 방향,운행,1200형,8806-557
1호선,"다대포
해수욕장",8,상행,"1, 3번",지하,2,"(B2) 20번대 개찰구 근처
해수욕장행 7-1 근처
1, 3번 출입구 근처",지하,2,(B2) 상선 방향 승강장 7-1 출입문 앞,운행,1200형,8806-558
1호선,"다대포
해수욕장",9,상행,2번,지하,1,"(B1) 30번대 개찰구 근처
2번 출입구 근처",지하,1,"(B1) 30번대 표 내는 곳, 4번 엘리베이터 앞",운행,1200형,8806-559
1호선,"다대포
해수욕장",10,상행,"1, 3번",지하,2,"(B2) 해수욕장행 2-3 근처
10번대 개찰구 근처
1, 3번 출입구 근처",지하,2,(B2) 상선 방향 승강장 2-3 출입문 앞,운행,1200형,8806-560
1호선,"다대포
해수욕장",11,하행,"1, 3번",지하,1,"(B1) 10번대 개찰구 근처
1, 3번 출입구 근처",지하,1,(B1) 10번대 표 내는 곳 앞,운행,1200형,8806-561
1호선,"다대포
해수욕장",12,상행,4번,지하,2,"(B2) 다대포항 방면 2-3 근처
1번대 개찰구 근처
4번 출입구 근처",지하,2,(B2) 다대포항역 방향 승강장 2-3 출입문 앞,운행,1200형,8806-562
1호선,"다대포
해수욕장",13,하행,4번,지하,1,"(B1) 1번대 개찰구 근처
4번 출입구 근처",지하,1,(B1) 1번대 표 내는 곳 앞,운행,1200형,8806-563
2호선,양산,1,상행,1번,지상,1,(1F) 1번 출입구 방향,지상,2,(2F) 임대매장 GS25 앞,운행,1200형,8801-457
2호선,양산,2,하행,1번,지상,2,(1F) 1번 출입구 방향,지상,1,(2F) 임대매장 GS25 앞,운행,1200형,8800-971
2호선,양산,3,하행,3번,지상,2,(1F) 3번 출입구 방향,지상,1,(2F) 임대매장 브레드07 앞,운행,1200형,8801-458
2호선,양산,4,상행,3번,지상,1,(1F) 3번 출입구 방향,지상,2,(2F) 임대매장 브레드07 앞,운행,1200형,8801-459
2호선,양산,5,하행,1번,지상,3,(2F) 2층 대합실 10번대 표 내는곳,지상,2,(3F) 남양산역 방향 승강장 3-4 출입문 앞,미운행,1200형,8800-972
2호선,양산,6,상행,1번,지상,2,(2F) 2층 대합실 10번대 표 내는곳,지상,3,(3F) 남양산역 방향 승강장 3-4 출입문 앞,운행,1200형,8800-973
2호선,양산,7,상행,1번,지상,2,(2F) 2층 대합실 20번대 표 내는곳,지상,3,(3F) 신기 방향 승강장 5-4 출입문 앞,미운행,1200형,8800-974
2호선,양산,8,하행,1번,지상,3,(2F) 2층 대합실 20번대 표 내는곳,지상,2,(3F) 신기 방향 승강장 5-4 출입문 앞,운행,1200형,8800-975
2호선,양산,9,상행,3번,지상,2,(2F) 2층 대합실 1번대 표 내는곳,지상,3,(3F) 남양산역 방향 승강장 2-1 출입문 앞,운행,1200형,8800-976
2호선,양산,10,하행,3번,지상,3,(2F) 2층 대합실 1번대 표 내는곳,지상,2,(3F) 남양산역 방향 승강장 2-1 출입문 앞,운행,1200형,8800-977
2호선,양산,11,상행,3번,지상,3,(2F) 2층 대합실 30번대 표 내는곳,지상,2,(3F) 신기 방향 승강장 4-1 츨입문 앞,운행,1200형,8801-460
2호선,양산,12,하행,3번,지상,2,(2F) 2층 대합실 30번대 표 내는곳,지상,3,(3F) 신기 방향 승강장 4-1 출입문 앞,운행,1200형,8801-461
2호선,남양산,1,상행,3번,지상,1,(1F) 3번 출입구 앞,지상,2,(2F) 2층 대합실 3번출입구 방향,운행,1200형,8800-982
2호선,남양산,2,하행,3번,지상,2,(2F) 3번 출입구 방향 2층 대합실 ,지상,1,(1F) 3번 출입구 근처 대합실,운행,1200형,8800-983
2호선,남양산,3,상행,,지상,2,(2F) 2층 대합실 10번대 표 내는 곳,지상,3,(3F) 부산대양산캠퍼스역 방향 6-4 출입문 앞,운행,800형,8800-984
2호선,남양산,4,하행,,지상,3,(3F) 부산대양산캠퍼스역 방향 6-4 출입문 앞 ,지상,2,(2F) 2층 대합실 10번대 표 내는 곳,운행,1200형,8800-985
2호선,남양산,5,상행,,지상,2,(2F) 2층 대합실 1번대 표 내는 곳,지상,3,(3F) 양산역 방향 6-4 출입문 근처,운행,800형,8800-986
2호선,남양산,6,하행,,지상,3,(3F) 양산역 방향 6-4 출입문 근처 ,지상,2,(2F) 2층 대합실 1번대 표 내는 곳,운행,1200형,8800-987
2호선,남양산,7,상행,,지상,2,(2F) 2층 대합실 10번대 표 내는 곳,지상,3,(3F) 부산대양산캠퍼스역 방향 2-3 출입문 앞,운행,800형,8800-988
2호선,남양산,8,하행,,지상,3,(3F) 부산대양산캠퍼스역 방향 2-3 출입문 앞,지상,2,(2F) 2층 대합실 10번대 표 내는 곳,운행,1200형,8800-989
2호선,남양산,9,상행,,지상,2,(2F) 2층 대합실 20번대 표 내는 곳,지상,3,(3F) 양산역 방향 4-3 출입문 앞,운행,800형,8800-990
2호선,남양산,10,하행,,지상,3,(3F) 양산역 방향 4-3 출입문 앞 ,지상,2,(2F) 2층 대합실 20번대 표 내는 곳,운행,1200형,8800-991
2호선,"부산대양산
캠퍼스",1,상행,3번,지상,1,(1F) 표 내는 곳 앞 1번 출입구 방향,지상,2,(2F) 대합실 1번 출입구 방향,운행,1200형,8800-978
2호선,"부산대양산
캠퍼스",2,상행,3번,지상,1,(1F) 남양산역 방향 6-2 출입문 앞,지상,2,(2F) 대합실 1번 출입구 방향 ,운행,1200형,8800-979
2호선,"부산대양산
캠퍼스",3,하행,3번,지상,2,(2F) 대합실 5번 출입구 방향,지상,1,(1F) 표 내는 곳 앞 5번 출입구 방향,운행,1200형,8800-980
2호선,"부산대양산
캠퍼스",4,상행,3번,지상,1,(1F) 남양산역 방향 3-3 출입문 앞,지상,2,(2F) 대합실 5번 출입구 방향,운행,1200형,8800-981
2호선,증산,1,상행,1번,지상,1,(1F) 1번 출입구 근처,지상,2,(2F) 호포역 방향 승강장 6-2 출입문 앞,운행,1200형,8800-992
2호선,증산,2,하행,1번,지상,2,(2F) 호포역 방향 승강장 6-2 출입문 앞,지상,1,(1F) 1번 출입구 근처,운행,1200형,8800-993
2호선,증산,3,하행,1번,지상,1,(1F) 1번 출입구 근처,지상,2,(2F) 부산대양산캠퍼스역 방향 승강장 5-3 출입문 앞,운행,1200형,8800-997
2호선,증산,4,상행,1번,지상,2,(2F) 부산대양산캠퍼스역 방향 승강장 5-3 출입문 앞,지상,1,(1F) 1번 출입구 근처,운행,1200형,8800-996
2호선,증산,5,상행,1번,지상,1,(1F) 1번 출입구 근처,지상,2,(2F) 호포역 방향 승강장 2-2 출입문 앞,운행,1200형,8800-994
2호선,증산,6,하행,1번,지상,2,(2F) 호포역 방향 승강장 2-2 출입문 앞,지상,1,(1F) 1번 출입구 근처,운행,1200형,8800-995
2호선,증산,7,하행,1번,지상,1,(1F) 1번 출입구 근처,지상,2,(2F) 부산대양산캠퍼스역 방향  승강장 1-3 출입문 앞,운행,1200형,8800-999
2호선,증산,8,상행,1번,지상,2,(2F) 부산대양산캠퍼스역 방향  승강장 1-3 출입문 앞,지상,1,(1F) 1번 출입구 근처,운행,1200형,8800-998
2호선,호포,1,상행,3번,지상,2,(2F) 3번 출입구 근처,지상,4,(4F) 대합실,운행,1200형,8801-427
2호선,호포,2,상행,,지상,4,(4F) 개찰구,지상,2,대합실,운행,1200형,8801-428
2호선,화명,1,상행,1번,지하,1,(B1) 대합실 1번 출입구 방향 > (1F) 1번 출입구 앞,지상,1,(B1) 대합실 1번 출입구 방향 > (1F) 1번 출입구 앞,운행,800형,8806-634
2호선,화명,2,하행,1번,지상,1,(1F) 1번 출입구 앞 > (B1) 대합실 1번 출입구 방향,지하,1,(1F) 1번 출입구 앞 > (B1) 대합실 1번 출입구 방향,운행,800형,8806-635
2호선,화명,3,상행,2번,지하,1,(B1) 대합실 2번 출입구 방향 > (1F) 2번 출입구 앞,지상,1,(B1) 대합실 2번 출입구 방향 > (1F) 2번 출입구 앞,운행,800형,8806-615
2호선,화명,4,하행,2번,지상,1,(1F) 2번 출입구 앞 > (B1) 대합실 2번 출입구 방향,지하,1,(1F) 2번 출입구 앞 > (B1) 대합실 2번 출입구 방향,운행,800형,8806-616
2호선,수정,1,상행,5번,지하,1,(B1) 엘리베이터 3번 옆,지상,1,(1F) 부산은행 화명수정지점 앞,운행,800형,8806-638
2호선,수정,2,하행,5번,지상,1,(1F) 부산은행 화명수정지점 앞,지하,1,(B1) 엘리베이터 3번 옆,운행,800형,8806-639
2호선,수정,3,상행,2번,지하,1,(B1) 엘리베이터 4번 옆,지하,1,(B1) 롯데캐슬카이저 상가 통로 옆 ,운행,800형,8800-487
2호선,수정,4,하행,2번,지하,1,(B1) 롯데캐슬카이저 상가 통로 옆 ,지하,1,(B1) 엘리베이터 4번 옆,운행,800형,8800-488
2호선,수정,5,상행,2번,지하,1,(B1) 롯데캐슬카이저 상가 통로 옆 ,지상,1,(1F) 롯데캐슬카이저 상가 앞,운행,800형,8800-489
2호선,수정,6,하행,2번,지상,1,(1F) 롯데캐슬카이저 상가 앞,지하,1,(B1) 롯데캐슬카이저 상가 통로 옆 ,운행,800형,8800-490
2호선,구명,1,상행,,지하,3,(B3) 구남역 방향 5-1 출입문 앞,지하,1,(B1) 1번 출입구 방면 표내는곳 내 옆,운행,1200형,8800-789
2호선,구명,2,하행,,지하,1,(B1) 1번 출입구 방면 표내는곳 내 옆,지하,3,(B3) 구남역 방향 5-1 출입문 앞,운행,800형,8800-790
2호선,구명,3,하행,,지하,1,(B1) 2번 출입구 방면 표내는곳 내 옆,지하,3,(B3) 덕천역 방향 6-4 출입문 옆,운행,800형,8800-791
2호선,구명,4,상행,,지하,3,(B3) 덕천역 방향 6-4 출입문 옆,지하,1,(B1) 2번 출입구 방면 표내는곳 내 옆,운행,1200형,8800-792
2호선,구명,5,상행,,지하,3,(B3) 덕천역 방향 1-1 출입문 앞,지하,1,(B1) 3번 출입구 방면 표내는곳 내 옆,운행,1200형,8800-793
2호선,구명,6,하행,,지하,1,(B1) 3번 출입구 방면 표내는곳 내 옆,지하,3,(B3) 구남역 방향 1-1 출입문 앞,운행,800형,8800-794
2호선,구명,7,하행,,지하,1,(B1) 4번 출입구 방면 표내는곳 내 옆,지하,3,(B3) 덕천역 방향 3-1 출입문 앞,운행,800형,8800-795
2호선,구명,8,상행,,지하,3,(B3) 덕천역 방향 3-1 출입문 앞,지하,1,(B1) 4번 출입구 방면 표내는곳 내 옆,운행,1200형,8800-796
2호선,구남,1,상행,,지하,3,(B3)모라역 방향 승강장 5-1 출입문 앞,지하,1,(B1)표 내는 곳 내,운행,1200형,8800-781
2호선,구남,2,하행,,지하,1,(B1)표 내는 곳 내,지하,3,(B3)모라역 방향 승강장 5-1 출입문 앞,운행,800형,8800-782
2호선,구남,3,하행,,지하,1,(B1)표 내는 곳 내,지하,3,(B3)구명역 방향 승강장 6-4 출입문 앞,운행,800형,8800-783
2호선,구남,4,상행,,지하,3,(B3)구명역 방향 승강장 6-4 출입문 앞,지하,1,(B1)표 내는 곳 내,운행,1200형,8800-784
2호선,구남,5,상행,,지하,3,(B3)모라역 방향 승강장 1-1 출입문 앞,지하,1,(B1)표 내는 곳 내,운행,1200형,8800-785
2호선,구남,6,하행,,지하,1,(B1)표 내는 곳 내,지하,3,(B3)모라역 방향 승강장 1-1 출입문 앞,운행,800형,8800-786
2호선,구남,7,하행,,지하,1,(B1)표 내는 곳 내,지하,3,(B3)구명역 방향 승강장 3-1 출입문 앞,운행,800형,8800-787
2호선,구남,8,상행,,지하,3,(B3)구명역 방향 승강장 3-1 출입문 앞,지하,1,(B1)표 내는 곳 내,운행,1200형,8800-788
2호선,사상,1,하행,5번,지상,1,사상역 5번 출입구(서부버스터미널),지하,1,사상역 5번 출입구,운행,1200형,8801-105
2호선,사상,2,상행,5번,지하,1,사상역 5번 출입구(서부버스터미널),지상,1,사상역 5번 출입구,운행,1200형,8801-104
2호선,사상,3,상행,3번,지하,1,사상역 3번 출입구,지상,1,사상역 3번 출입구,운행,1200형,8807-880
2호선,사상,4,하행,3번,지상,1,사상역 3번 출입구,지하,1,사상역 3번 출입구,운행,1200형,8807-881
2호선,사상,5,상행,2번,지하,1,사상역 2번 출입구,지상,1,사상역 2번 출입구,운행,1000형,8807-884
2호선,사상,6,하행,2번,지상,1,사상역 2번 출입구,지하,1,사상역 2번 출입구,운행,1000형,8807-885
2호선,사상,7,상행,4번,지하,1,사상역 4번 출입구,지상,1,사상역 4번 출입구,운행,1200형,8807-882
2호선,사상,8,하행,4번,지상,1,사상역 4번 출입구,지하,1,사상역 4번 출입구,운행,1200형,8807-883
2호선,개금,1,상행,,지하,3,(B3) 동의대역 방향 4-3 출입문 앞,지하,1,"(B1) 1,3번 출입구 쪽 표 내는 곳 내",운행,1200형,8801-273
2호선,개금,2,하행,,지하,1,"(B1) 1,3번 출입구 쪽 표 내는 곳 내",지하,3,(B3) 동의대역 방향 4-3 출입문 앞,운행,800형,8801-274
2호선,개금,3,하행,,지하,1,(B1) 2번 출입구 쪽 표 내는 곳 내,지하,3,(B3) 냉정역 방향 6-4 출입문 앞,운행,800형,8801-275
2호선,개금,4,상행,,지하,3,(B3) 냉정역 방향 6-4 출입문 앞,지하,1,(B1) 2번 출입구 쪽 표 내는 곳 내,운행,1200형,8801-276
2호선,개금,5,상행,,지하,3,(B3) 동의대역 방향 1-1 출입문 옆,지하,1,(B1) 5.7번 출입구 쪽 표 내는 곳 내,운행,1200형,8801-277
2호선,개금,6,하행,,지하,1,(B1) 5.7번 출입구 쪽 표 내는 곳 내,지하,3,(B3) 동의대역 방향 1-1 출입문 옆,운행,800형,8801-278
2호선,개금,7,하행,,지하,1,(B1) 4번 출입구 쪽 표 내는 곳 내,지하,3,(B3) 냉정역 방향 2-1 출입문 앞,운행,800형,8801-279
2호선,개금,8,상행,,지하,3,(B3) 냉정역 방향 2-1 출입문 앞,지하,1,(B1) 4번 출입구 쪽 표 내는 곳 내,운행,1200형,8801-280
2호선,동의대,1,상행,,지하,4,(B4) 가야역 방향 5-2 출입문 앞,지하,2,(B2) 1번 출입구 쪽 표 내는 곳 내,운행,1200형,8801-262
2호선,동의대,2,하행,,지하,2,(B2)1번 출입구 쪽 표 내는 곳 내,지하,4,(B4) 가야역 방향 5-2 출입문 앞,운행,800형,8800-604
2호선,동의대,3,하행,,지하,2,(B2)1번 출입구 쪽 표 내는 곳 내,지하,4,(B4) 개금역 방향 6-4 출입문 앞,운행,800형,8801-263
2호선,동의대,4,상행,,지하,4,(B4) 개금역 방향 6-4 출입문 앞,지하,2,(B2)1번 출입구 쪽 표 내는 곳 내,운행,1200형,8801-264
2호선,동의대,5,상행,,지하,4,(B4) 가야역 방향 1-2 출입문 앞,지하,2,(B2) 5번/7번 출입구 쪽 표내는 곳 내,운행,1200형,8801-265
2호선,동의대,6,하행,,지하,2,(B2) 5번/7번 출입구 쪽 표내는 곳 내,지하,4,(B4) 가야역 방향 1-2 출입문 앞,운행,800형,8801-266
2호선,동의대,7,하행,,지하,2,(B2) 5번/7번 출입구 쪽 표내는 곳 내,지하,4,(B4) 개금역 방향 3-1 출입문 앞,운행,800형,8801-267
2호선,동의대,8,상행,,지하,4,(B4) 개금역 방향 3-1 출입문 앞,지하,2,(B2) 5번/7번 출입구 쪽 표내는 곳 내,운행,1200형,8801-268
2호선,가야,1,상행,,지하,3,(B3) 부암역 방향 승강장 5-1 출입문 앞,지하,1,(B1) 표내는 곳 내 1/3번 출입구 방향 ,운행,1200형,8801-285
2호선,가야,2,하행,,지하,1,(B1) 표내는 곳 내 1/3번 출입구 방향 ,지하,3,(B3) 부암역 방향 승강장 5-1 출입문 앞,운행,800형,8801-286
2호선,가야,3,하행,,지하,1,(B1) 표내는 곳 내 2/4번 출입구 방향 ,지하,3,(B3) 동의대역 방향 승강장 6-4 출입문 앞,운행,800형,8801-287
2호선,가야,4,상행,,지하,3,(B3) 동의대역 방향 승강장 6-4 출입문 앞,지하,1,(B1) 표내는 곳 내 2/4번 출입구 방향 ,운행,1200형,8801-288
2호선,가야,5,상행,,지하,3,(B3) 부암역 방향 승강장 1-1 출입문 앞,지하,1,(B1) 표내는 곳 내 3번 출입구 방향,운행,1200형,8801-289
2호선,가야,6,하행,,지하,1,(B1) 표내는 곳 내 3번 출입구 방향,지하,3,(B3) 부암역 방향 승강장 1-1 출입문 앞,운행,800형,8801-290
2호선,가야,7,하행,,지하,1,(B1) 표내는 곳 내 4번 출입구 방향,지하,3,(B3) 동의대역 방향 승강장 2-4 출입문 앞,운행,800형,8801-291
2호선,가야,8,상행,,지하,3,(B3) 동의대역 방향 승강장 2-4 출입문 앞,지하,1,(B1) 표내는 곳 내 4번 출입구 방향,운행,1200형,8801-292
2호선,부암,1,상행,5번,지하,3,(B3)서면역 방향 1-1 출입문 앞 ,지하,1,"(B1) 개찰구 내, 5번/6번 출입구 방향",운행,1200형,8801-233
2호선,부암,2,하행,5번,지하,1,(B1) 서면역 방향 개찰구 내 엘리베이터 뒤,지하,3,(B3) 서면역 방향 1-1 출입문 앞,운행,800형,8801-234
2호선,부암,3,하행,6번,지하,1,(B1) 가야역 방향 개찰구 내 엘리버이터 뒤 ,지하,3, (B3) 가야역 방향 6-4 출입문 앞,운행,800형,8801-187
2호선,부암,4,상행,6번,지하,3,(B3) 가야역 방향 6-4 출입문 앞 ,지하,1,"(B1) 개찰구 내, 5번/6번 출입구 방향",운행,1200형,8801-235
2호선,부암,5,상행,7번,지하,3,(B3) 서면역 방향 1-1 출입문 근처,지하,1," (B1) 개찰구 내, 7번출구 방향",운행,1200형,8801-236
2호선,부암,6,하행,7번,지하,1,"(B1) 서면역 방향 개찰구 내, 7번 출입구 방향 ",지하,3,(B3) 서면역 방향 1-1 출입문 근처,운행,800형,8801-237
2호선,부암,7,하행,8번,지하,1,"(B1) 가야역 방향 개찰구 내, 8번 출입구 방향",지하,3, (B3) 가야역 방향 2-3 출입문 근처,운행,800형,8804-653
2호선,부암,8,상행,8번,지하,3,(B3) 가야역 방향 2-3 출입문 근처 ,지하,1,"(B1) 개찰구 내, 8번출구 방향",운행,1200형,8801-238
2호선,2서면,1,상행,5번,지하,1,(B1) 5번 출입구 아래,지상,1,(1F) 5번 출입구 위,운행,1200형,8803-678
2호선,2서면,2,상행,11번,지하,1,(B1) 11번 출입구 아래,지상,1,(1F) 11번 출입구 위,운행,1200형,8803-679
2호선,2서면,3,하행,9번,지하,1,(B1) 9번 출입구 아래,지상,1,(1F) 9번 출입구 위,운행,1200형,8801-103
2호선,2서면,4,상행,9번,지하,1,(B1) 9번 출입구 아래,지상,1,(1F) 9번 출입구 위,운행,1200형,8801-137
2호선,2서면,5,상행,11번,지하,2,2호선 대합실,지하,1,1호선 대합실(고객센터 근처),운행,1200형,8807-146
2호선,2서면,6,하행,11번,지하,1,1호선 대합실 (고객센터 근처),지하,2,2호선 대합실,운행,1200형,8807-147
2호선,2서면,7,하행,,지하,3,(B3) 2호선 승강장 6-4 출입문 뒤,지하,2,(B2) 1호성 승강장 부전역 방향 환승통로 중간,운행,1200형,8801-101
2호선,2서면,8,상행,,지하,3,(B3) 2호선 승강장 6-4 출입문 뒤,지하,2,(B2) 1호성 승강장 부전역 방향 환승통로 중간,운행,1200형,8801-102
2호선,전포,1,하행,7번,지상,1,지상1층 7번 출입구,지하,1,지하1층 7번 출입구,운행,800형,8805-174
2호선,전포,2,상행,7번,지하,1,지하1층 7번 출입구,지상,1,지상1층 7번 출입구,운행,1200형,8805-175
2호선,전포,3,하행,8번,지상,1,지상1층 8번 출입구,지하,1,지하1층 8번 출입구,운행,800형,8805-176
2호선,전포,4,상행,8번,지하,1,지하1층 8번 출입구,지상,1,지상1층 8번 출입구,운행,1200형,8805-177
2호선,"국제금융
부산은행",1,상행,,지하,1,(B1) BIFC 방향 계단 우측 > (B1) 3번 출입구 방향,지상,1,(1F) 3번 출입구 근처,운행,1200형,8803-978
2호선,"국제금융
부산은행",2,하행,,지상,1,(1F) 3번 출입구 근처,지하,1,(B1) BIFC 방향 계단 우측 > (B1) 3번 출입구 방향,운행,1200형,8803-979
2호선,"국제금융
부산은행",3,상행,,지하,1,(B1) 1/3번 출입구 방향,지하,1,(B1) 부산은행 본점 입구 옆,운행,1200형,8803-982
2호선,"국제금융
부산은행",4,하행,,지하,1,(B1) 부산은행 본점 입구 옆,지하,1,(B1) 1/3번 출입구 방향,운행,1200형,8803-983
2호선,문현,1,상행,,지하,3,(B3) 지게골역 방향 승강장 5-3,지하,1,(B1) 대합실 10번대 개찰구 내,운행,1200형,8800-773
2호선,문현,2,하행,,지하,1,(B1) 대합실 10번대 개찰구 내,지하,3,(B3) 지게골역 방향 승강장 5-3,운행,800형,8800-774
2호선,문현,3,하행,,지하,1,(B1) 대합실 20번대 개찰구 내,지하,3,(B3) 국제금융센터 부산은행역 방향 승강장 5-3,운행,800형,8800-775
2호선,문현,4,상행,,지하,3,(B3) 국제금융센터 부산은행역 방향 승강장 5-3,지하,1,(B1) 대합실 20번대 개찰구 내,운행,1200형,8800-776
2호선,문현,5,상행,,지하,3,(B3) 지게골역 방향 승강장 4-1,지하,1,(B1) 대합실 1번대 개찰구 내,운행,1200형,8800-777
2호선,문현,6,하행,,지하,1,(B1) 대합실 1번대 개찰구 내,지하,3,(B3) 지게골역 방향 승강장 4-1,운행,800형,8800-778
2호선,문현,7,하행,,지하,1,(B1) 대합실 30번대 개찰구 내,지하,3,(B3) 국제금융센터 부산은행역 방향 승강장 1-4,운행,800형,8800-779
2호선,문현,8,상행,,지하,3,(B3) 국제금융센터 부산은행역 방향 승강장 1-4,지하,1,(B1) 대합실 30번대 개찰구 내,운행,1200형,8800-780
2호선,지게골,1,상행,,지하,4,(B4) 못골역 방면 승강장 5-1출입문앞,지하,2,(B2) E/L4호기 앞,운행,1200형,8801-254
2호선,지게골,2,하행,,지하,2,(B2) E/L4호기 앞,지하,4,(B4) 못골역 방면 승강장 5-1출입문앞,운행,800형,8801-255
2호선,지게골,3,하행,,지하,2,(B2) 환경사 대기실 앞,지하,4,(B4) 문현역 방면 승강장 6-4출입문 앞,운행,800형,8801-256
2호선,지게골,4,상행,,지하,4,(B4) 문현역 방면 승강장 6-4출입문 앞,지하,2,(B2) 환경사 대기실 앞,운행,1200형,8801-257
2호선,지게골,5,상행,,지하,4,(B4) 못골역 방면 승강장 1-1출입문앞,지하,2,(B2) 전기실 앞,운행,1200형,8801-258
2호선,지게골,6,하행,,지하,2,(B2) 전기실 앞,지하,4,(B4) 못골역 방면 승강장 1-1출입문앞,운행,800형,8801-259
2호선,지게골,7,하행,,지하,2,(B2) 신호기기실 앞,지하,4,(B4) 문현역 방면 승강장 2-4출입문 앞,운행,800형,8801-260
2호선,지게골,8,상행,,지하,4,(B4) 문현역 방면 승강장 2-4출입문 앞,지하,2,(B2) 신호기기실 앞,운행,1200형,8801-261
2호선,못골,1,상행,,지하,3,대연역 방향 5-1 출입문 앞,지하,1,대합실(중앙) 3번 출구 방향,운행,1200형,8801-240
2호선,못골,2,하행,,지하,3,대연역 방향 5-1 출입문 앞,지하,1,대합실(중앙) 3번 출구 방향,운행,800형,8801-241
2호선,못골,3,하행,,지하,3,지게골역 방향 2-4 출입문 앞,지하,1,대합실(중앙)  4번 출구 방향,운행,800형,8801-242
2호선,못골,4,상행,,지하,3,지게골역 방향 2-4 출입문 앞,지하,1,대합실(중앙)  4번 출구 방향,운행,1200형,8801-243
2호선,못골,5,상행,,지하,3,대연역 방향 1-4 출입문 앞,지하,1,대합실(중앙)  4번 출구 방향,운행,1200형,8801-244
2호선,못골,6,하행,,지하,3,대연역 방향 1-4 출입문 앞,지하,1,대합실(중앙)  4번 출구 방향,운행,800형,8801-245
2호선,못골,7,하행,,지하,3,지게골역 방향 3-4 출입문 앞,지하,1,대합실(중앙) 3번 출구 방향,운행,800형,8801-246
2호선,못골,8,상행,,지하,3,지게골역 방향 3-4 출입문 앞,지하,1,대합실(중앙) 3번 출구 방향,운행,1200형,8801-247
2호선,대연,1,상행,,지하,3,(B3) 경성대부경대역 방향 5-2출입문 앞,지하,1,(B1) 10~15 표내는 곳 앞,운행,1200형,8801-216
2호선,대연,2,하행,,지하,1,(B1) 10~15 표내는 곳 앞,지하,3,(B3) 경성대부경대역 방향 5-2출입문 앞,운행,800형,8801-217
2호선,대연,3,하행,,지하,1,(B1) 20~25 표내는 곳 앞 ,지하,3,(B3) 못골역 방향 6-4출입문 앞 ,운행,800형,8801-218
2호선,대연,4,상행,,지하,3,(B3) 못골역 방향 6-4출입문 앞 ,지하,1,(B1) 20~25 표내는 곳 앞 ,운행,1200형,8801-219
2호선,대연,5,상행,,지하,3,(B3) 경성대부경대역 방향 1-1출입문 앞,지하,1,(B1) 1~4 표내는 곳 안,운행,1200형,8801-220
2호선,대연,6,하행,,지하,1,(B1) 1~4 표내는 곳 안,지하,3,(B3) 경성대부경대역 방향 1-1출입문 앞,운행,800형,8801-221
2호선,대연,7,하행,,지하,1,(B1) 1~4 표내는 곳 안,지하,3,(B3) 못골역 방향 2-2출입문 앞 ,운행,800형,8801-222
2호선,대연,8,상행,,지하,3,(B3) 못골역 방향 2-2출입문 앞 ,지하,1,(B1) 1~4 표내는 곳 안,운행,1200형,8801-223
2호선,경성대부경대,1,상행,,지하,3,B3 남천역 방향 승강장 6-1출입문 앞,지하,1,B1 대합실 1번 출입구 방향 표 내는 곳 내,운행,1200형,8801-224
2호선,경성대부경대,2,하행,,지하,1,B1 대합실 1번 출입구 방향 표 내는 곳 내 ,지하,3,B3 남천역 방향 승강장 6-1 출입문 앞,운행,800형,8801-225
2호선,경성대부경대,3,하행,,지하,1,B1 대합실 2번 출입구 방향 표 내는 곳 내,지하,3,B3 대연역 방향 승강장 6-4 출입문 앞,운행,800형,8801-226
2호선,경성대부경대,4,상행,,지하,3,B3 대연역 방향 승강장 6-4 출입문 앞,지하,1,B1 대합실 2번 출입구 방향 표 내는 곳 내,운행,1200형,8801-227
2호선,경성대부경대,5,상행,,지하,3,B3 남천역 방향 승강장 1-1 출입문 앞,지하,1,B1 대합실 3번 출입구 방향 표 내는 곳 내,운행,1200형,8801-228
2호선,경성대부경대,6,하행,,지하,1,B1 대합실 3번 출입구 방향 표 내는 곳 내,지하,3,B3 남천역 방향 승강장 1-1 출입문 앞,운행,800형,8801-229
2호선,경성대부경대,7,하행,,지하,1,B1 대합실 4번 출입구 방향 표 내는 곳 내,지하,3,B3 대연역 방향 승강장 2-1 출입문 앞,운행,800형,8801-230
2호선,경성대부경대,8,상행,,지하,3,B3 대연역 방향 승강장 2-1 출입문 앞,지하,1,B1 대합실 4번 출입구 방향 표 내는 곳 내,운행,1200형,8801-231
2호선,남천,1,상행,,지하,3,(B3) 장산역 방향 승강장 5-4 출입문 앞,지하,1,(B1) 대합실 표내는곳(10번대 게이트) E/L 3호기 뒤쪽 ,운행,1200형,8800-407
2호선,남천,2,하행,,지하,1,(B1) 대합실 표내는곳(10번대 게이트) E/L 3호기 뒤쪽 ,지하,3,(B3) 장산역 방향 승강장 5-4 출입문 앞,운행,800형,8800-408
2호선,남천,3,하행,,지하,1,(B1) 대합실 표내는곳(20번대 게이트) E/L 4호기 뒤쪽 ,지하,3,(B3) 양산역 방향 승강장 6-4 출입문 근처,운행,800형,8800-409
2호선,남천,4,상행,,지하,3,(B3) 양산역 방향 승강장 6-4 출입문 근처,지하,1,(B1) 대합실 표내는곳(20번대 게이트) E/L 4호기 뒤쪽 ,운행,1200형,8800-410
2호선,남천,5,상행,,지하,3,(B3) 장산역 방향 승강장 1-1 출입문 근처,지하,1,"(B1) 대합실 표내는곳(1번대 게이트) , 3번 출입구 방향",운행,1200형,8800-411
2호선,남천,6,하행,,지하,1,"(B1) 대합실 표내는곳(1번대 게이트) , 3번 출입구 방향",지하,3,(B3) 장산역 방향 승강장 1-1 출입문 근처,운행,800형,8800-412
2호선,남천,7,하행,,지하,1,"(B1) 대합실 표내는곳(30번대 게이트) , 4번 출입구 방향",지하,3,(B3) 양산역 방향 승강장 2-1 출입문 앞,운행,800형,8800-413
2호선,남천,8,상행,,지하,3,(B3) 양산역 방향 승강장 2-1 출입문 앞,지하,1,"(B1) 대합실 표내는곳(30번대 게이트) , 4번 출입구 방향",운행,1200형,8800-414
2호선,금련산,1,상행,,지하,4,(B4) 광안역 방향 승강장 5-2 출입문 앞,지하,2,"(B2) 표 내는 곳 내, 1번/3번 출입구 방향",운행,1200형,8800-457
2호선,금련산,2,하행,,지하,2,"(B2) 표 내는 곳 내, 1번/3번 출입구 방향",지하,4,(B4) 광안역 방향 승강장 5-2 출입문 앞,운행,800형,8800-458
2호선,금련산,3,하행,,지하,2,"(B2) 표 내는 곳 내, 2번/4번 출입구 방향",지하,4,(B4) 남천역 방향 승강장 6-4 출입문 앞,운행,800형,8800-459
2호선,금련산,4,상행,,지하,4,(B4) 남천역 방향 승강장 6-4 출입문 앞,지하,2,"(B2) 표 내는 곳 내, 2번/4번 출입구 방향",운행,1200형,8800-460
2호선,금련산,5,상행,,지하,4,(B4) 광안역 방향 승강장 1-1 출입문 앞,지하,2,"(B2) 표 내는 곳 내, 5번 출입구 방향",운행,1200형,8800-461
2호선,금련산,6,하행,,지하,2,"(B2) 표 내는 곳 내, 5번 출입구 방향",지하,4,(B4) 광안역 방향 승강장 1-1 출입문 앞,운행,800형,8800-462
2호선,금련산,7,하행,,지하,2,"(B2) 표 내는 곳 내, 6번 출입구 방향",지하,4,(B4) 남천역 방향 승강장 2-1 출입문 앞,운행,800형,8800-463
2호선,금련산,8,상행,,지하,4,(B4) 남천역 방향 승강장 2-1 출입문 앞,지하,2,"(B2) 표 내는 곳 내, 6번 출입구 방향",운행,1200형,8800-464
2호선,광안,1,상행,,지하,4,(B4) 수영역 방향 승강장 5-4 출입문 앞,지하,2,"(B2) 표 내는 곳 내, 1번 출입구 방향",운행,1200형,8800-477
2호선,광안,2,하행,,지하,2,"(B2) 표 내는 곳 내, 1번 출입구 방향",지하,4,(B4) 수영역 방향 승강장 5-4 출입문 앞,운행,800형,8800-478
2호선,광안,3,하행,,지하,2,"(B2) 표 내는 곳 내, 2번 출입구 방향",지하,4,(B4) 금련산역 방향 승강장 6-4 출입문 앞,운행,800형,8800-479
2호선,광안,4,상행,,지하,4,(B4) 금련산역 방향 승강장 6-4 출입문 앞,지하,2,"(B2) 표 내는 곳 내, 2번 출입구 방향",운행,1200형,8800-480
2호선,광안,5,상행,,지하,4,(B4) 수영역 방향 승강장 1-1 출입문 앞,지하,2,"(B2) 표 내는 곳 내, 3번/5번 출입구 방향",운행,1200형,8800-481
2호선,광안,6,하행,,지하,2,"(B2) 표 내는 곳 내, 3번/5번 출입구 방향",지하,4,(B4) 수영역 방향 승강장 1-1 출입문 앞,운행,800형,8800-482
2호선,광안,7,하행,,지하,2,"(B2) 표 내는 곳 내, 4번/6번 출입구 방향",지하,4,(B4) 금련산역 방향 승강장 2-1 출입문 앞,운행,800형,8800-483
2호선,광안,8,상행,,지하,4,(B4) 금련산역 방향 승강장 2-1 출입문 앞,지하,2,"(B2) 표 내는 곳 내, 4번/6번 출입구 방향",운행,1200형,8800-484
2호선,2수영,1,상행,15번,지하,1,(B1) 15번 출입구 방향,지상,1,(1F) 15번 출입구 앞,운행,800형,8803-122
2호선,2수영,2,하행,15번,지상,1,(1F) 15번 출입구 앞,지하,1,(B1) 15번 출입구 방향,운행,800형,8803-123
2호선,2수영,3,상행,,지하,2,(B2)민락역 방향 5-3 출입문 앞,지하,1,(B1) 10번 출입구 방향,운행,1200형,8800-044
2호선,2수영,4,하행,,지하,1,(B1) 30번대 표 내는 곳 방향,지하,2,(B2)민락역 방향 6-4 출입문 앞,운행,1200형,8800-045
2호선,2수영,5,하행,,지하,1,(B1) 10번대 표 내는 곳 방향,지하,2,(B2)광안역 방향 1-1 출입문 앞,운행,1200형,8800-046
2호선,2수영,6,상행,,지하,2,(B2)광안역 방향 2-2 출입문 앞,지하,1,(B1) 1번대 표 내는 곳 방향,운행,1200형,8800-047
2호선,민락,1,상행,,지하,3,(B3) 센텀시티역 방향 승강장 5-3 출입문 앞,지하,1,"(B1) 표 내는 곳 내, 1번/2번 출입구 방향",운행,1200형,8800-465
2호선,민락,2,하행,,지하,1,"(B1) 표 내는 곳 내, 1번/2번 출입구 방향",지하,3,(B3) 센텀시티역 방향 승강장 5-3 출입문 앞,운행,800형,8800-466
2호선,민락,3,하행,,지하,1,"(B1) 표 내는 곳 내, 1번/2번 출입구 방향",지하,3,B3) 수영역 방향 승강장 6-4 출입문 앞,운행,800형,8800-467
2호선,민락,4,상행,,지하,3,(B3) 수영역 방향 승강장 6-4 출입문 앞,지하,1,"(B1) 표 내는 곳 내, 1번/2번 출입구 방향",운행,1200형,8800-468
2호선,민락,5,상행,,지하,3,(B3) 센텀시티역 방향 승강장 1-1 출입문 근처,지하,1,"(B1) 표 내는 곳 내, 3번/4번 출입구 방향",운행,1200형,8800-469
2호선,민락,6,하행,,지하,1,"(B1) 표 내는 곳 내, 3번/4번 출입구 방향",지하,3,(B3) 센텀시티역 방향 승강장 1-1 출입문 근처,운행,800형,8800-470
2호선,민락,7,하행,,지하,1,"(B1) 표 내는 곳 내, 3번/4번 출입구 방향",지하,3,(B3) 수영역 방향 승강장 2-4 출입문 앞,운행,800형,8800-471
2호선,민락,8,상행,,지하,3,(B3) 수영역 방향 승강장 2-4 출입문 앞,지하,1,"(B1) 표 내는 곳 내, 3번/4번 출입구 방향",운행,1200형,8800-472
2호선,센텀시티,1,상행,1번,지하,1,(B1) 1번 출입구,지상,1,(1F) 1번 출입구,운행,1200형,8803-532
2호선,센텀시티,2,하행,2번,지상,1,(1F) 1번 출입구,지하,1,(B1) 1번 출입구,운행,1200형,8803-533
2호선,센텀시티,3,상행,6번,지하,1,(B1) 6번 출입구,지상,1,(1F) 6번 출입구,운행,800형,8800-293
2호선,센텀시티,4,하행,6번,지상,1,(1F) 6번 출입구,지하,1,(B1) 6번 출입구,운행,800형,8800-294
2호선,센텀시티,5,상행,8번,지하,1,(B1) 8번 출입구,지상,1,(1F) 8번 출입구,운행,800형,8800-295
2호선,센텀시티,6,하행,8번,지상,1,(1F) 8번 출입구,지하,1,(B1) 8번 출입구,운행,800형,8800-296
2호선,센텀시티,7,상행,,지하,2,(B2 )벡스코역 방향 3-4 출입문 앞,지하,1,(B1) 표 내는 곳 계단 옆,운행,1200형,8800-290
2호선,센텀시티,8,하행,,지하,1,(B1) 표 내는 곳 계단 옆,지하,2,(B2 )벡스코역 방향 3-4 출입문 앞,운행,1200형,8803-170
2호선,센텀시티,9,상행,,지하,2,(B2) 민락역 방향 5-4 출입문 앞,지하,1,(B1) 표 내는 곳 계단 옆,운행,1200형,8800-291
2호선,센텀시티,10,하행,,지하,1,(B1) 표 내는 곳 계단 옆,지하,2,(B2) 민락역 방향 5-4 출입문 앞,운행,1200형,8800-292
2호선,센텀시티,11,상행,,지하,2,(B2 )벡스코역 방향 1-4 출입문 앞,지하,1,(B1) 표 내는 곳 계단 옆,운행,1200형,8800-002
2호선,센텀시티,12,하행,,지하,1,(B1) 표 내는 곳 계단 옆,지하,2,(B2 )벡스코역 방향 1-4 출입문 앞,운행,1200형,8800-001
2호선,센텀시티,13,상행,,지하,2,(B2) 민락역 방향 4-1 출입문 앞,지하,1,(B1 )표 내는 곳 계단 옆,운행,1200형,8800-027
2호선,센텀시티,14,하행,,지상,1,(B1 )표 내는 곳 계단 옆,지하,2,(B2) 민락역 방향 4-1 출입문 앞,운행,1200형,8800-003
2호선,벡스코,1,하행,7번,지하,1,(B1) 7번출구,지상,1,(1F) 7번출구,운행,1200형,8805-431
2호선,벡스코,2,상행,7번,지상,1,(1F) 7번출구,지하,1,(B1) 7번출구,운행,1200형,8805-432
3호선,대저,1,하행,2번,지상,2,(2F) 1번 출입구 근처 교통카드 보충기 앞,지상,1,1층 2번 출입구 근처 탁구장 입구 앞,운행,800형,8800-843
3호선,대저,2,상행,2번,지상,1,(1F) 2번 출입구 근처 탁구장 입구 앞,지상,2,2층 1번 출입구 근처 교통카드 보충기 앞,운행,800형,8800-844
3호선,대저,3,상행,2번,지상,1,(2F) 2번 출입구 근처  주차장 출입구 앞,지상,2,2층 1번 출입구 근처 역무실 출입문 앞,운행,800형,8800-845
3호선,대저,4,하행,2번,지상,2,(1F) 1번 출입구 근처 역무실 출입문 앞,지상,1,1층 2번 출입구 근처  주차장 출입구 앞,운행,800형,8800-846
3호선,대저,5,상행,,지상,2,(2F) 1번 출입구 근처 엘리베이터 2호기 앞,지상,3,,운행,800형,8800-847
3호선,대저,6,상행,,지상,2,(2F) 1번 출입구 근처 1번 개찰구 앞,지상,3,3층 체육공원역 방향 승강장 3-1 출입문 앞,운행,1200형,8800-848
3호선,대저,7,하행,,지상,3,(3F) 대저차량기지 방향 승강장 3-1 출입문 앞,지상,2,2층 1번 출입구 근처 5번 개찰구 앞,운행,1200형,8800-849
3호선,체육공원,1,하행,2번,지상층,1,1층 2번출구 옆,지상층,2,2층 대합실 중간,운행,800형,8800-850
3호선,체육공원,2,상행,2번,지상층,1,1층 2번출구 옆,지상층,2,2층 대합실 중간,운행,800형,8800-851
3호선,체육공원,3,상행,2번,지상층,1,1층 주차장 중간,지상층,2,2층 대합실 중간,미운행,800형,8800-852
3호선,체육공원,4,하행,2번,지상층,1,1층 주차장 중간,지상층,2,2층 대합실 중간,미운행,800형,8800-853
3호선,체육공원,5,하행,3번,지상층,2,2층,지상층,3,고객센터 앞,운행,1200형,8800-854
3호선,체육공원,6,상행,3번,지상층,2,2층 대합실 중간,지상층,3,고객센터 앞,운행,1200형,8800-855
3호선,체육공원,7,상행,,지상층,3,대합실 남쪽(1번대 게이트 옆),지상층,4,수영행 승강장 중간,운행,800형,8800-856
3호선,체육공원,8,하행,,지상층,3,대합실 남쪽(1번대 게이트 옆),지상층,4,수영행 승강장 중간,운행,1200형,8800-857
3호선,체육공원,9,상행,,지상층,3,대합실 남쪽(1번대 게이트 옆),지상층,4,대저행 승강장 중간,운행,1200형,8800-858
3호선,체육공원,10,하행,,지상층,3,대합실 남쪽(1번대 게이트 옆),지상층,4,대저행 승강장 중간,운행,800형,8800-859
3호선,강서구청,1,하행,1번,지상,2,(2F) 1번 출입구 근처,지상,1,(1F) 1번 출입구 근처,운행,800형,8800-836
3호선,강서구청,2,상행,1번,지상,1,(1F) 1번 출입구 근처,지상,2,(2F) 1번 출입구 근처,운행,800형,8800-837
3호선,강서구청,3,상행,2번,지상,1,(1F) 2번 출입구 근처,지상,2,(2F) 2번 출입구 근처,미운행,800형,8807-705
3호선,강서구청,4,하행,2번,지상,2,(2F) 2번 출입구 근처,지상,1,(1F) 2번 출입구 근처,미운행,800형,8807-704
3호선,강서구청,5,하행,,지상,4,(4F) 대합실 고객센터 맞은편,지상,2,(2F) 대합실 8번 창고 앞,운행,800형,8803-116
3호선,강서구청,6,상행,,지상,2,(2F) 대합실 8번 창고 앞,지상,4,(4F) 대합실 고객센터 맞은편,운행,800형,8803-117
3호선,강서구청,7,상행,5번,지상,1,(1F) 5번 출입구 근처,지상,4,(4F) 5번 출입구 근처,운행,800형,8800-838
3호선,강서구청,8,하행,5번,지상,4,(4F) 5번 출입구 근처,지상,1,(1F) 5번 출입구 근처,운행,1200형,8800-839
3호선,강서구청,9,상행,,지상,4,(4F) 1번대 표내는 곳 내 3번 계단 맞은편,지상,5,(5F) 구포역 방향 2-4 출입문 앞,운행,1200형,8800-840
3호선,강서구청,10,하행,,지상,5,(5F) 구포역 방향 2-4 출읿문 앞,지상,4,(4F) 1번대 표 내는 곳 내 3번 계단 맞은편,운행,1200형,8800-841
3호선,강서구청,11,상행,,지상,4,(4F) 30번대 표 내는 곳 내 4번 계단 맞은편,지상,5,(5F) 체육공원역 방향 2-4 출입문 앞,운행,1200형,8803-118
3호선,강서구청,12,하행,,지상,5,(5F) 체육공원역 방향 2-4 출입문 앞,지상,4,(4F) 30번대 표 내는 곳 내 4번 계단 맞은편,운행,1200형,8800-842
3호선,구포,1,하행,1번 ,지상,1,(1F) 1번 출입구 방향,지상,0.5,(1F) 1번 출입구 방향,운행,1200형,8803-111
3호선,구포,2,상행,1번 ,지상,0.5,(1F) 1번 출입구 방향,지상,1,(1F) 1번 출입구 방향,운행,1200형,8803-112
3호선,구포,3,하행,1번 ,지상,2,(2F) 1번 출입구 방향,지상,1,(1F) 1번 출입구 방향,운행,1200형,8800-682
3호선,구포,4,상행,1번 ,지상,1,(1F) 1번 출입구 방향,지상,2,(2F) 1번 출입구 방향,운행,1200형,8803-113
3호선,구포,5,상행,3번,지상,1,(1F) 3번 출입구 방향,지상,2,(2F) 3번 출입구 방향,운행,800형,8803-114
3호선,구포,6,상행,,지상,1,(1F) 덕천역 방향 승강장4-4 출입문 앞,지상,2,(2F) 10번대 표내는곳 내 계단 옆,운행,800형,8800-683
3호선,구포,7,상행,,지상,1,(1F) 덕천역 방향 승강장 1-1 출입문 앞,지상,2,(2F) 1번대 표내는곳 내 계단 옆,미운행,800형,8807-687
3호선,구포,8,상행,,지상,1,(1F) 강서구청역 방향 승강장 4-4 출입문 앞,지상,2,(2F) 20번대 표내는곳 내 계단 옆,운행,800형,8800-684
3호선,구포,9,상행,,지상,1,(1F) 강서구청역 방향 승강장 1-1 출입문 앞,지상,2,(2F) 30번대 표내는곳 내 계단 옆,운행,800형,8800-685
3호선,3덕천,1,상행,9번,지하,1,(B1) 9번 출입구 방향,지상,1,(1F) 9번 출입구 근처,운행,800형,8803-602
3호선,3덕천,2,하행,9번,지상,1,(1F) 9번 출입구 근처,지하,1,(B1) 9번 출입구 방향,운행,800형,8803-603
3호선,3덕천,3,상행,12번,지하,1,(B1) 12번 출입구 방향,지상,1,(1F) 12번 출입구 근처,운행,800형,8803-604
3호선,3덕천,4,하행,12번,지상,1,(1F) 12번 출입구 근처,지하,1,(B1) 12번 출입구 방향,운행,800형,8803-605
3호선,3덕천,5,하행,,지하,2,(B2) 환승 통로 옆,지하,1,(B1) 덕천지하상가 앞,운행,800형,8803-606
3호선,3덕천,6,상행,,지하,1,(B1) 덕천지하상가 앞 ,지하,2,(B2) 환승 통로 옆,운행,1200형,8803-607
3호선,3덕천,7,상행,,지하,2,(B2) 환승 계단 옆,지하,1,(B1) 역무실 옆,운행,1200형,8803-608
3호선,3덕천,8,하행,,지하,3,(B3) 숙등역 방향 승강장 4-4 출입문 앞,지하,2,(B2) 환승 통로 옆,운행,800형,8803-609
3호선,3덕천,9,상행,,지하,2,(B2) 환승 통로 옆,지하,3,(B3) 구포역 방향 승강장 4-4 출입문 앞,운행,1200형,8803-610
3호선,3덕천,10,상행,,지하,3,(B3) 구포역 방향 승강장 2-4 출입문 앞,지하,2,(B2) 수정역 방향 승장강 6-4 출입문 앞,운행,1200형,8803-611
3호선,숙등,1,하행,3번,지하,1,(B1) 3번 출입구 근처,지상,1,(F1) 3번 출입구 근처,운행,800형,8803-591
3호선,숙등,2,상행,3번,지하,1,(B1) 3번 출입구 근처,지상,1,(F1) 3번 출입구 근처,운행,800형,8803-592
3호선,숙등,3,하행,4번,지하,1,(B1) 4번 출입구 근처,지상,1,(F1) 4번 출입구 근처,운행,800형,8803-593
3호선,숙등,4,상행,4번,지하,1,(B1) 4번 출입구 근처,지상,1,(F1) 4번 출입구 근처,운행,800형,8803-594
3호선,숙등,5,하행,,지하,3,(B3) 남산정역 방향 2-4 출입문 앞,지하,1,(B1) 3번 출입구 방향,운행,800형,8803-595
3호선,숙등,6,상행,,지하,3,(B3) 남산정역 방향 2-4 출입문 앞,지하,1,(B1) 3번 출입구 방향,운행,1200형,8803-596
3호선,숙등,7,하행,,지하,3,(B3) 남산정역 방향 1-1 출입문 옆쪽 20M,지하,1,(B1) 5번 출입구 방향,운행,800형,8803-966
3호선,숙등,8,상행,,지하,3,(B3) 남산정역 방향 1-1 출입문 옆쪽 20M,지하,1,(B1) 5번 출입구 방향,운행,1200형,8803-967
3호선,숙등,9,상행,,지하,3,(B3) 덕천역 방향 3-1 출입문 앞,지하,1,(B1) 4번 출입구 방향,운행,1200형,8803-597
3호선,숙등,10,하행,,지하,3,(B3) 덕천역 방향 3-1 출입문 앞,지하,1,(B1) 4번 출입구 방향,운행,800형,8803-598
3호선,숙등,11,상행,,지하,3,(B3) 덕천역 방향 1-1 출입문 옆쪽 20M,지하,1,(B1) 6번 출입구 방향,운행,1200형,8803-968
3호선,숙등,12,하행,,지하,3,(B3) 덕천역 방향 1-1 출입문 옆쪽 20M,지하,1,(B1) 6번 출입구 방향,운행,800형,8803-969
3호선,남산정,1,상행,1번,시작층(지하),1,(B1) 1번 출입구,종료층(지상),1,(1F) 1번 출입구,운행,800형,8800-686
3호선,남산정,2,하행,1번,시작층(지상),1,(1F) 1번 출입구 ,종료층(지하),1,(B1) 1번 출입구,운행,800형,8800-687
3호선,남산정,3,상행,2번,시작층(지하),1,(B1) 2번 출입구 ,종료층(지상),1,(1F) 2번 출입구,운행,800형,8800-688
3호선,남산정,4,하행,2번,시작층(지상),1,(1F) 2번 출입구 ,종료층(지하),1,(B1) 2번 출입구,운행,800형,8800-689
3호선,남산정,5,상행,4번,시작층(지하),1,(B1) 4번 출입구 ,종료층(지상),1,(1F) 4번 출입구,운행,800형,8800-690
3호선,만덕,1,하행,3번,지하,1,3번출구 계단 > 지하1층 대합실,1,1,지하1층 대합실,운행,1200형,8800-678
3호선,만덕,2,상행,3번,지하,1,지하1층 대합실 >3번출구 계단,1,1,3번출구 계단,운행,1200형,8800-679
3호선,만덕,3,하행,4번,지하,1,4번출구 계단 > 지하1층 대합실,1,1,지하 1층 대합실,운행,1200형,8800-680
3호선,만덕,4,상행,2번,지하,1,지하1층 대합실 >2번출구 계단,1,11,2번출구 계단,운행,1200형,8800-681
3호선,만덕,5,상행,,지하,1,지하1층 대합실 > 지하3층,3,1,지하3층 승강장 방향,미운행,1200형,8807-696
3호선,만덕,6,하행,,지하,3,지하3층 > 지하1층 대합실,1,1,지하1층 대합실,미운행,1200형,8807-703
3호선,만덕,7,상행,,지하,3,지하3층 > 지하5층,5,5,지하5층 승강장 방향,미운행,1200형,8807-697
3호선,만덕,8,하행,,지하,5,지하5층 > 지하3층,3,3,지하3층 대합실 방향,미운행,1200형,8807-698
3호선,만덕,9,상행,,지하,7,지하7층 > 지하5층,지하,5,지하5층 대합실 방향,미운행,1200형,8807-688
3호선,만덕,10,하행,,지하,5,지하5층 > 지하7층,지하,7,지하7층 승강장 방향,미운행,1200형,8807-689
3호선,만덕,11,상행,,지하,9,지하9층 > 지하7층,지하,7,지하7층 대합실 방향,미운행,1200형,8807-690
3호선,만덕,12,하행,,지하,7,지하7층 > 지하9층,지하,9,지하9층 승강장 방향,미운행,1200형,8807-691
3호선,만덕,13,상행,,지하,3,지하3층 > 지하1층 대합실,지하,1,지하1층 대합실,운행,1200형,8807-699
3호선,만덕,14,하행,,지하,1,지하1층 대합실 > 지하3층,지하,3,지하3층 승강장 방향,운행,1200형,8807-700
3호선,만덕,15,상행,,지하,5,지하5층 > 지하3층,지하,3,지하3층 대합실 방향,운행,1200형,8807-701
3호선,만덕,16,하행,,지하,3,지하3층 > 지하5층,지하,5,지하5층 승강장 방향,운행,1200형,8807-702
3호선,만덕,17,하행,,지하,5,지하5층 > 지하7층,지하,7,지하7층 승강장 방향,운행,1200형,8807-692
3호선,만덕,18,상행,,지하,7,지하7층 > 지하5층,지하,5,지하5층 대합실 방향,운행,1200형,8807-693
3호선,만덕,19,하행,,지하,7,지하7층 > 지하9층,지하,9,지하9층 승강장 방향,운행,1200형,8807-694
3호선,만덕,20,상행,,지하,9,지하9층 > 지하7층,지하,7,지하7층 대합실 방향,운행,1200형,8807-695
3호선,미남,1,상행,"1, 3번",지하,2,(B2) 사직역 방향 승강장 2-4 출입문 앞 > (B1),지하,1,"(B1) 표 내는 곳, 1번/3번 출입구 방향",운행,800형,8800-662
3호선,미남,2,하행,"1, 3번",지하,1,(B1) 펴 내는 곳 내 계단 옆 > (B2),지하,2,(B2) 만덕역 방향 승강장 2-4출입문 앞,운행,800형,8800-663
3호선,미남,7,상행,"1, 3번",지하,3,(B3) 회차선방향 5-2 출입문 앞 > (B2),지하,2,(B2) 사직역 방향 승강장 2-4출입문 앞,운행,1200형,8803-689
3호선,미남,8,하행,"1, 3번",지하,2,(B2) 만덕역 방향 승강장 2-4 출입문 앞 > (B3),지하,3,(B3) 동래역 방향 승강장 5-2출입문 앞,운행,1200형,8803-688
3호선,사직,1,상행,1번,지하,1,(B1) 1번 출입구 앞 대합실,지상,1,(1F) 1번 출입구 앞,운행,1200형,8800-578
3호선,사직,2,하행,2번,지상,1,(1F) 2번 출입구 앞,지하,1,(B1) 2번 출입구 앞 대합실,운행,800형,8800-580
3호선,사직,3,상행,2번,지하,1,(B1) 2번 출입구 앞 대합실,지상,1,(1F) 2번 출입구 앞,운행,800형,8800-579
3호선,종합운동장,1,상행,1번,지하,1,(B1) 거제역 방향 1번출구,지상,1,(1층) 1번 출입구,운행,1200형,8800-649
3호선,종합운동장,2,하행,1번,지상,1,(1층)거제역 방향 1번출구,지하,1,(B1) 지하 1층,운행,1200형,8800-650
3호선,종합운동장,3,하행,7번,지상,1,(1층)부산시의료원 방향,지하,2,(B2) 지하 2층 중앙통로,운행,1200형,8800-651
3호선,종합운동장,4,상행,7번,지하,2,(B2)부산시의료원 방향,지상,1,(1층) 7번 출입구,운행,1200형,8800-652
3호선,종합운동장,5,상행,11번,지하,2,(B2)사직역 방향,지상,1,(1층) 11번 출입구,운행,1200형,8800-653
3호선,종합운동장,6,하행,11번,지상,1,(1층)사직역 방향,지하,2,(B2) 지하 2층 중앙통로,운행,800형,8800-654
3호선,종합운동장,7,상행,4번,지하,2,(B2) 사직역 방향,지상,1,(1층) 4번 출입구,운행,1200형,8800-655
3호선,종합운동장,8,상행,,지하,2,(B2) 거제방향 개찰구 옆,지하,1,"1번, 2번 출입구 방향",운행,1200형,8800-656
3호선,종합운동장,9,하행,,지하,1,"(B1) 1번, 2번 출구 근처",지하,2,거제방향 개찰구 옆,운행,1200형,8800-657
3호선,종합운동장,10,상행,,지하,3,(B3) 거제방향 승강장 3-4 옆,지하,2,"1번, 2번 출입구 방향",운행,1200형,8800-658
3호선,종합운동장,11,하행,,지하,2,(B2) 거제방향 개찰구 옆,지하,3,(B3) 거제방향 승강장 3-4 옆,운행,800형,8800-659
3호선,종합운동장,12,하행,,지하,2,(B2)거제방향 개찰구 옆,지하,3,(B3)  사직방향 승강장 3-4 옆,운행,800형,8800-660
3호선,종합운동장,13,상행,,지하,3,(B3)  사직방향 승강장 3-4 옆,지하,2,"1번, 2번 출입구 방향",운행,1200형,8800-661
3호선,거제,1,상행,1번,지하,B1,(B1F)대합실 1번출구 계단 옆,지상,1,(1F)대합실 1번출구 계단 옆,운행,1200형,8800-573
3호선,거제,2,상행,2번,지하,B1,(B1F)대합실 2번출구  계단 옆,지상,1,(1F)대합실 2번출구  계단 옆,운행,1200형,8800-574
3호선,거제,3,상행,7번,지하,B1,(B1F)대합실 7번출구 계단 옆,지상,1,(1F)대합실 7번출구 계단 옆,운행,800형,8800-575
3호선,거제,4,상행,8번,지하,B1,(B1F)대합실 8번출구 계단 옆,지상,1,(1F)대합실 8번출구 계단 옆,운행,800형,8800-576
3호선,거제,5,하행,8번,지상,1,(1F)지상 8번출구 계단 옆,지하,B1,(B1F)지상 8번출구 계단 옆,운행,800형,8800-577
3호선,3연산,1,하행,4번,지하,1,(B1)4번출입구 계단 옆,지상,1,(B1)4번출입구 계단 옆,운행,800형,8803-523
3호선,3연산,2,상행,4번,지하,1,(B1)4번출입구 계단 옆,지상,1,(B1)4번출입구 계단 옆,운행,800형,8803-524
3호선,3연산,3,하행,17번,지하,1,(B1)17번출입구,지상,1,(B1)17번출입구,운행,800형,8803-525
3호선,3연산,4,상행,17번,지하,1,(B1)17번출입구,지상,1,(B1)17번출입구,운행,800형,8803-526
3호선,3연산,5,하행,,지하,1,"(B1)표내는곳 계단 옆, 4번 출입구 방향",지하,2,(B2)교대역 방향 환승통로,운행,1200형,8800-028
3호선,3연산,6,상행,,지하,2,(B2)교대역 방향 환승통로,지하,1,"(B1)표내는곳 계단 옆, 4번 출입구 방향",운행,1200형,8800-029
3호선,3연산,7,하행,,지하,1,"(B1)표내는곳 계단 옆, 3번/17 출입구 방향",지하,2,(B2)시청역 방향 환승통로,운행,1200형,8800-030
3호선,3연산,8,상행,,지하,2,(B2)시청역 방향 환승통로,지하,1,"(B1)표내는곳 계단 옆, 3번/17 출입구 방향",운행,1200형,8800-031
3호선,3연산,9,상행,,지하,4,(B4)물만골역 방향 승강장 4-4출입문 앞,지하,2,(B2)교대역 방향 환승통로,운행,1200형,8800-032
3호선,3연산,10,상행,,지하,4,(B4)거제역 방향 승강장 4-4출입문 뒤,지하,2,(B2)교대역 방향 환승통로,운행,1200형,8800-033
3호선,3연산,11,하행,,지하,2,(B2)교대역 방향 환승통로,지하,4,(B4)물만골역 방향 승강장 3-3출입문 옆,운행,1200형,8800-034
3호선,3연산,12,상행,,지하,4,(B4)물만골역 방향 승강장 3-3출입문 옆,지하,2,(B2)교대역 방향 환승통로,운행,1200형,8800-035
3호선,3연산,13,하행,,지하,2,(B2)교대역 방향 환승통로,지하,4,(B4)거제역 방향 승강장 3-3출입문 옆,운행,1200형,8800-036
3호선,3연산,14,상행,,지하,4,(B4)거제역 방향 승강장 3-3출입문 옆,지하,2,(B2)교대역 방향 환승통로,운행,1200형,8800-037
3호선,3연산,15,하행,,지하,2,(B2)시청역 방향 환승통로,지하,4,(B4)물만골역 방향 승강장 2-1출입문 옆,운행,1200형,8800-038
3호선,3연산,16,상행,,지하,4,(B4)물만골역 방향 승강장 2-1출입문 옆,지하,2,(B2)시청역 방향 환승통로,운행,1200형,8800-039
3호선,3연산,17,하행,,지하,2,(B2)시청역 방향 환승통로,지하,4,(B4)거제역 방향 승강장 2-1출입문 옆,운행,1200형,8800-040
3호선,3연산,18,상행,,지하,4,(B4)거제역 방향 승강장 2-1출입문 옆,지하,2,(B2)시청역 방향 환승통로,운행,1200형,8800-041
3호선,3연산,19,상행,,지하,4,(B4)물만골역 방향 승강장 1-1출입문 뒤,지하,2,(B2)시청역 방향 환승통로,운행,1200형,8800-042
3호선,3연산,20,상행,,지하,4,(B4)거제역 방향 승강장 1-1출입문 앞,지하,2,(B2)시청역 방향 환승통로,운행,1200형,8800-043
3호선,물만골,1,하행,,지하,1,(B1) 1번/2번 출입구 통로 방향,지하,1,"(B1) 만남의 장소, 1번/2번 출입구 방향",운행,1200형,8800-711
3호선,물만골,2,상행,,지하,1,"(B1) 만남의 장소, 1번/2번 출입구 방향",지하,1,(B1) 1번/2번 출입구 통로 방향,운행,1200형,8800-712
3호선,물만골,3,상행,,지하,1,(B1) 3번/4번 출입구 통로 방향,지하,1,"(B1) 만남의 장소, 3번/4번 출입구 방향",운행,1200형,8800-713
3호선,물만골,4,하행,,지하,1,"(B1) 만남의 장소, 3번/4번 출입구 방향",지하,1,(B1) 3번/4번 출입구 통로 방향,운행,1200형,8800-714
3호선,물만골,5,하행,,지하,1,(B1) 만남의 장소 옆,지하,2,(B2) 표 내는 곳 방향,운행,1200형,8800-709
3호선,물만골,6,상행,,지하,2,(B2) 표 내는 곳 방향,지하,1,(B1) 만남의 장소 옆,운행,1200형,8800-710
3호선,물만골,7,하행,,지하,2,(B2) 표 내는 곳 내 계단 옆,지하,4,(B4) 승강장 방향 중간층 복도,운행,1200형,8800-715
3호선,물만골,8,상행,,지하,4,(B4) 승강장 방향 중간층 복도,지하,2,(B2) 표 내는 곳 내 계단 옆,운행,1200형,8800-716
3호선,물만골,9,상행,,지하,5,(B5) 배산역 방향 1-2 출입문 앞,지하,4,(B4) 승강장 방향 중간층 복도,운행,1200형,8800-717
3호선,물만골,10,상행,,지하,5,(B5) 배산역 방향 3-2 출입문 앞,지하,4,(B4) 승강장 방향 중간층 복도,운행,1200형,8800-718
3호선,물만골,11,상행,,지하,5,(B5) 연산역 방향 1-2 출입문 앞,지하,4,(B4) 승강장 방향 중간층 복도,운행,1200형,8800-719
3호선,물만골,12,상행,,지하,5,(B5) 연산역 방향 3-2 출입문 앞,지하,4,(B4) 승강장 방향 중간층 복도,운행,1200형,8800-720
3호선,배산,1,하행,3번,지상,1,(B1) 3번 출입구,지하,1,(1F) 3번 출입구,운행,800형,8800-593
3호선,배산,2,상행,3번,지하,1,(B1) 3번 출입구,지상,1,(1F) 3번 출입구,운행,800형,8800-594
3호선,배산,3,하행,4번,지상,1,(B1) 4번 출입구,지하,1,(1F) 4번 출입구,운행,800형,8800-727
3호선,배산,4,상행,4번,지하,1,(B1) 4번 출입구,지상,1,(1F) 4번 출입구,운행,800형,8800-728
3호선,배산,5,하행,,지하,1,(B1) 10번대 개집표기 내,지하,4,(B4) 대합실,운행,1200형,8800-595
3호선,배산,6,상행,,지하,4,(B4) 대합실,지하,1,(B1) 10번대 개집표기 내,운행,1200형,8800-729
3호선,배산,7,하행,,지하,1,(B1) 1번대 개집표기 내,지하,4,(B4) 대합실,운행,1200형,8800-730
3호선,배산,8,상행,,지하,4,(B4) 대합실,지하,1,(B1) 1번대 개집표기 내,운행,1200형,8800-731
3호선,배산,9,하행,,지하,4,(B4) 대합실,지하,7,(B7) 대합실,운행,1200형,8800-732
3호선,배산,10,상행,,지하,7,(B7) 대합실,지하,4,(B4) 대합실,운행,1200형,8800-733
3호선,배산,11,하행,,지하,4,(B4) 대합실,지하,7,(B7) 대합실,운행,1200형,8800-734
3호선,배산,12,상행,,지하,7,(B7) 대합실,지하,4,(B4) 대합실,운행,1200형,8800-735
3호선,배산,13,상행,,지하,8,수영방면 승강장,지하,7,(B7) 대합실,운행,1200형,8800-596
3호선,배산,14,하행,,지하,7,(B7) 대합실,지하,8,수영방면 승강장,운행,1200형,8800-597
3호선,배산,15,상행,,지하,8,대저방면 승강장,지하,7,(B7) 대합실,운행,1200형,8800-598
3호선,배산,16,하행,,지하,7,(B7) 대합실,지하,8,대저방면 승강장,운행,1200형,8800-599
3호선,망미,1,하행,"5, 7번",지상,1층,1F 7번 출입구 > B1 대합실,지하,1층,1F 7번 출입구 > B1 대합실,운행,800형,8803-001
3호선,망미,2,상행,"5, 7번",지하,1층,B1 대합실 > 1F 7번 출입구,지상,1층,B1 대합실 > 1F 7번 출입구,운행,800형,8803-002
3호선,망미,3,하행,"6, 8번",지상,1층,1F 8번 출입구 > B1 대합실,지하,1층,1F 8번 출입구 > B1 대합실,운행,800형,8803-003
3호선,망미,4,상행,"6, 8번",지하,1층,B1 대합실 > 1F 8번 출입구,지상,1층,B1 대합실 > 1F 8번 출입구,운행,800형,8803-004
3호선,망미,5,상행,"3, 4번",지하,5층,"B5 대합실 > B1 3, 4번 출입구 방향",지하,1층,"B5 대합실 > B1 3, 4번 출입구 방향",운행,1200형,8800-691
3호선,망미,6,하행,"3, 4번",지하,1층,"B1 3, 4번 출입구 방향 > B5 대합실",지하,5층,"B1 3, 4번 출입구 방향 > B5 대합실",운행,1200형,8803-005
3호선,망미,7,하행,"5, 6, 7, 8번",지하,1층,"B1 5, 6, 7, 8번 출입구 방향 > B5 대합실",지하,5층,"B1 5, 6, 7, 8번 출입구 방향 > B5 대합실",운행,1200형,8803-006
3호선,망미,8,상행,"5, 6, 7, 8번",지하,5층,"B5 대합실 > B1 5, 6, 7, 8번 출입구 방향",지하,1층,"B5 대합실 > B1 5, 6, 7, 8번 출입구 방향",운행,1200형,8803-007
3호선,망미,9,상행,"3, 4, 5, 6, 7, 8번",지하,6층,B6 수영역 방향 1-3 출입문 앞 >B5 대합실,지하,5층,B6 수영역 방향 1-3 출입문 앞 > B5 대합실,운행,1200형,8803-008
3호선,망미,10,하행,"3, 4, 5, 6, 7, 8번",지하,5층,B5 대합실 > B6 수영역 방향 1-3 출입문 앞,지하,6층,B5 대합실 > B6 수영역 방향 1-3 출입문 앞,운행,1200형,8803-009
3호선,망미,11,상행,"3, 4, 5, 6, 7, 8번",지하,6층,B6 배산역 방향 1-3 출입문 앞 >B5 대합실,지하,5층,B6 배산역 방향 1-3 출입문 앞 > B5 대합실,운행,1200형,8803-010
3호선,망미,12,하행,"3, 4, 5, 6, 7, 8번",지하,5층,B5 대합실 > B6 배산역 방향 1-3 출입문 앞,지하,6층,B5 대합실 > B6 배산역 방향 1-3 출입문 앞,운행,1200형,8800-692
3호선,3수영,7,상행,,지하,B3,(B3) 3호선 승강장 망미역 방면 끝,지하,B2,(B2) 민락역 방향 5-3 출입문 앞,운행,1200형,8800-048
3호선,3수영,8,하행,,지하,B2,(B2) 민락역 방향 6-4 출입문 앞,지하,B3,(B3) 망미역 방향 1-1 출입문 앞,운행,1200형,8800-049
3호선,3수영,9,상행,,지하,B3,(B3) 3호선 승강장 주박지 방면 끝,지하,B2,(B2) 광안역 방향 2-2 출입문 앞,운행,1200형,8800-050
3호선,3수영,10,하행,,지하,B2,(B2) 광안역 방향 1-1 출입문 앞,지하,B3,(B3) 수영역 종착 방향 4-3 출입문 앞,운행,1200형,8800-051
4호선,미남광장,1,상행,8번,지하,1,(B1) 8번 출입구 뱡향,지하,중간층,중간층 8번 출입구 방향,운행,800형,8803-690
4호선,미남광장,2,하행,8번,지하,중간층,중간층 > 광장 연결통로,지하,1,(B1) 광장 연결통로,운행,800형,8803-691
4호선,미남광장,3,상행,9번,지하,1,(B1) 9번 출입구 방향,지하,중간층,중간층 9번 출입구 방향,운행,1200형,8803-692
4호선,미남광장,4,상행,10번,지하,1,(B1) 10번 출입구 방향,지하,중간층,중간층 10번 출입구 방향,운행,1200형,8803-693
4호선,미남광장,5,상행,"11번, 13번",지하,1,"(B1) 11번, 13번 출입구 방향",지하,중간층,"중간층 11번, 13번 출입구 방향",운행,1200형,8803-694
4호선,미남광장,6,상행,"12번, 14번",지하,1,"(B1) 12번, 14번 출입구 방향",지하,중간층,"중간층 12번, 14번 출입구 방향",운행,1200형,8803-695
4호선,동래,1,하행,7번,지상,지상1층,(F1) 7번 출입구 근처,지상,지상1층 1/2,(F1) 7번 출입구 근처,운행,1200형,8803-650
4호선,동래,2,상행,7번,지상,지상1층 1/2,(F1) 7번 출입구 근처,지상,지상1층,(F1) 7번 출입구 근처,운행,1200형,8803-651
4호선,동래,3,하행,7번,지상,지상1층 1/2,(F1) 7번 출입구 근처,지하,지하1층,(B1) 7번 출입구 근처,운행,1200형,8803-652
4호선,동래,4,상행,7번,지하,지하1층,(B1) 7번 출입구 근처,지상,지상1층 1/2,(F1) 7번 출입구 근처,운행,1200형,8803-653
4호선,동래,5,하행,8번,지상,지상1층,(F1) 8번 출입구 근처,지상,지상1층 1/2,(F1) 8번 출입구 근처,운행,1200형,8803-654
4호선,동래,6,상행,8번,지상,지상1층 1/2,(F1) 8번 출입구 근처,지상,지상1층 ,(F1) 8번 출입구 근처,운행,1200형,8803-655
4호선,동래,7,하행,8번,지상,지상1층 1/2,(F1) 8번 출입구 근처,지하,지하1층,(B1) 8번 출입구 근처,운행,1200형,8803-656
4호선,동래,8,상행,8번,지하,지하1층 ,(B2) 8번 출입구 근처,지상,지상1층 1/2,(F1) 8번 출입구 근처,운행,1200형,8803-657
4호선,동래,9,상행,,지하,지하2층,(B2) 고객센터 옆 ,지하,지하1층,(B1) 7번 출입구 옆,운행,800형,8803-658
4호선,동래,10,하행,,지하,지하1층,(B1) 8번 출입구 근처,지하,지하2층,(B2) 고객센터 옆,운행,800형,8803-659
4호선,동래,11,하행,,지하,지하2층,(B2) 개찰구 옆,지하,지하3층,(B3) 예나안 화장품 옆,운행,1200형,8803-660
4호선,동래,12,상행,,지하,지하3층,(B3) 예나안 화장품 옆,지하,지하2층,(B2) 개찰구 옆,운행,1200형,8803-661
4호선,동래,13,상행,,지하,지하4층,(B4) 미남역 방향 6-2 출입문 앞,지상,지하3층,(B3) 누가타커피 옆,운행,800형,8803-662
4호선,동래,14,상행,,지하,지하4층,(B4) 수안역 방향 6-2 출입문 앞,지하,지하3층,(B3) 누가타커피 옆,운행,800형,8803-663
4호선,동래,15,상행,,지하,지하4층,(B4) 미남역 방향 1-1 출입문 앞,지하,지하3층,(B3) 누가타커피 옆,운행,1200형,8803-664
4호선,동래,16,하행,,지하,지하3층,(B3) 누가타커피옆,지하,지하4층,(B4) 미남역 방향 1-1 출입문 앞,운행,1200형,8803-665
4호선,동래,17,상행,,지하,지하4층,(B4) 수안역 방향 1-1 출입문 앞,지하,지하3층,(B3) 누가타커피 옆,운행,1200형,8803-666
4호선,동래,18,하행,,지하,지하3층,(B3) 누가타커피옆,지하,지하4층,(B4) 수안역 방향 1-1 출입문 앞,운행,1200형,8803-667
4호선,동래,19,하행,,지상,지상1층,(F1) 환승통로,지하,지하1층,(B1) 환승통로,운행,1200형,8803-668
4호선,동래,20,상행,,지하,지하1층,(B1) 환승통로,지상,지상1층,(F1) 환승통로,운행,1200형,8803-669
4호선,동래,21,하행,,지하,지하1층,(B1) 환승통로,지하,지하2층,(B2). 환승통로,운행,1200형,8803-670
4호선,동래,22,상행,,지하,지하2층,(B2) 환승통로,지하,지하1층,(B1) 환승통로,운행,1200형,8803-671
4호선,수안,1,상행,"1,3번",지하,지하1층,(B1) 1번/3번 출입구 방향 대합실 화장실 옆,지하,지하1층,(B1) 1번/3번 출입구 계단 앞 ,운행,1200형,8803-682
4호선,수안,2,하행,"1,3번",지하,지하1층,(B1) 1번/3번 출입구 계단 앞 ,지하,지하1층,(B1) 1번/3번 출입구 방향 대합실 화장실 옆,운행,800형,8803-683
4호선,수안,3,하행,7번,지하,지하1층,(B1) 7번 출입구 E/S 앞,지상,지상 1층,(1층) 7번 출입구 로터리양복점 앞,운행,800형,8800-010
4호선,수안,4,상행,7번,지상,지상1층,(1층) 7번 출입구 로터리양복점 앞,지하,지하1층,(B1) 7번 출입구 E/S 앞,운행,1200형,8800-011
4호선,수안,5,하행,4번,지하,지하1층,(B1) 4번 출입구 E/S 앞,지상,지상1층,(1층) 4번 출입구 신한은행 앞,운행,800형,8803-684
4호선,수안,6,상행,4번,지상,지상1층,(1층) 4번 출입구 신한은행 앞,지하,지하1층,(B1) 4번 출입구 E/S 앞,운행,1200형,8803-685
4호선,수안,7,하행,"6,8번",지하,지하1층,(B1) 6번/8번 출입구 방향 대합실,지하,지하1층,(1층) 6번/8번 출입구 계단 앞,운행,800형,8800-008
4호선,수안,8,상행,"6,8번",지하,지하1층,(1층) 6번/8번 출입구 계단 앞,지하 ,지하1층,(B1) 6번/8번 출입구 방향 대합실,운행,1200형,8800-009
4호선,수안,9,하행,,지하,지하1층,(B1) 게이트 옆,지하,지하2층,(B2) 기능실층,운행,1200형,8800-004
4호선,수안,10,상행,,지하,지하2층,(B2) 기능실층,지하,지하1층,(B1) 게이트 옆,운행,1200형,8800-005
4호선,수안,11,하행,,지하,지하2층,(B2) 기능실층,지하,지하3층,(B3) 미남 방향 승강장 5-2 출입문 앞 ,운행,800형,8800-006
4호선,수안,12,상행,,지하 ,지하3층,(B3) 미남 방향 승강장 5-2 출입문 앞 ,지하,지하2층,(B2) 기능실층,운행,1200형,8800-007
4호선,수안,13,상행,,지하,지하2층,(B2) 기능실층,지하,지하3층,(B3) 안평 방향 승강장 5-2 출입문 앞 ,운행,800형,8800-022
4호선,수안,14,하행,,지하 ,지하3층,(B3) 안평 방향 승강장 5-2 출입문 앞 ,지하,지하2층,(B2) 기능실층,운행,1200형,8800-023
4호선,수안,15,상행,,지하,지하3층,(B3) 미남 방향 승강장 1-2 출입문 앞 ,지하,지하2층,(B2) 기능실층,운행,800형,8800-024
4호선,수안,16,상행,,지하,지하3층,(B3) 안평 방향 승강장 1-2 출입문 앞 ,지하,지하2층,(B2) 기능실층,운행,800형,8800-025
4호선,낙민,1,하행,4번,지상,1,(1F) 4번 출입구 앞,지하,1,(B1) 4번 출입구 방향,운행,800형,8801-027
4호선,낙민,2,상행,4번,지하,1,(B1) 4번 출입구 방향,지상,1,(1F) 4번 출입구 앞,운행,800형,8801-028
4호선,낙민,3,하행,,지하,1,(B1) 표 내는곳 방향,지하,3,(B3) 충렬사역 방향 1-2 출입문 앞,운행,1200형,8801-030
4호선,낙민,4,상행,,지하,3,(B3) 수안역 방향 1-2 출입문 앞,지하,1,(B1) 표 내는곳 방향,운행,1200형,8801-029
4호선,낙민,5,상행,,지하,1,(B1) 1번 창고 앞,지하,2,(B2) 환기실 방향,운행,800형,8801-031
4호선,낙민,6,상행,,지하,2,(B2) 전기실 맞은편,지하,1,(B1) 안평환경사업소 사무실 앞,운행,800형,8801-032
4호선,낙민,7,상행,,지하,3,(B3) 수안역 방향 6-1 출입문 앞,지하,2,(B2) 3번 창고 앞,운행,1200형,8801-033
4호선,충렬사,1,하행,1,지하,1,(B1)만남의장소 > 충렬사방면 1번 출입구,지상,1,1번 출입구 근처,운행,800형,8803-565
4호선,충렬사,2,상행,1,지상,1,1번 출입구 근처,지하,1,1번 출입구 근처 > (B1)만남의 장소,운행,800형,8803-566
4호선,충렬사,3,하행,4,지상,1,4번 출입구 근처,지하,1,(B1)만남의 장소 > 서원시장 방면 4번 출입구,운행,800형,8803-567
4호선,충렬사,4,상행,4,지하,1,(B1)만남의 장소 > 서원시장 방면 4번 출입구,지상,1,4번 출입구 근처,운행,800형,8803-568
4호선,충렬사,5,상행,,지하,2,(B2)대합실 > (B1)표 내는곳,지하,1,(B1)표 내는곳 > (B2)대합실,운행,1200형,8803-569
4호선,충렬사,6,하행,,지하,1,(B1)표 내는곳 > (B2)대합실,지하,2,(B2)대합실 > (B1)표 내는곳,운행,1200형,8803-570
4호선,충렬사,7,상행,,지하,3,(B3)낙민역 방향 승강장 6-2 앞 > (B2)대합실,지하,2,(B2)대합실 > (B3)낙민역 방향 승강장 6-2 앞,운행,800형,8803-571
4호선,충렬사,8,상행,,지하,3,(B3)명장역 방향 승강장 6-2 앞 > (B2)대합실,지하,2,(B2)대합실 > (B3)명장역 방향 승강장 6-2 앞,운행,800형,8803-572
4호선,충렬사,9,상행,,지하,3,(B3)낙민역 방향 승강장 1-1 앞 > (B2)대합실,지하,2,(B2)대합실 > (B3)낙민역 방향 승강장 1-1 앞,운행,1200형,8803-573
4호선,충렬사,10,하행,,지하,2,(B2)대합실 > (B3)낙민역 방향 승강장 1-1 앞,지하,3,(B3)낙민역 방향 승강장 1-1 앞 > (B2)대합실,운행,800형,8803-574
4호선,충렬사,11,상행,,지하,3,(B3)명장역 방향 승강장 1-1 앞 > (B2)대합실,지하,2,(B2)대합실 > (B3)명장역 방향 승강장 1-1 앞,운행,1200형,8803-575
4호선,충렬사,12,하행,,지하,2,(B2)대합실 > (B3)명장역 방향 승강장 1-1 앞,지하,3,(B3)명장역 방향 승강장 1-1 앞 > (B2)대합실,운행,800형,8803-576
4호선,명장,1,상행,3번,지상,1,(1F) 3번 출입구,지하,1,(B1) 고객센터 옆,운행,800형,8801-040
4호선,명장,2,하행,3번,지하,1,(B1) 고객센터 옆,지상,1,(1F) 3번 출입구,운행,800형,8801-041
4호선,명장,3,하행,4번,지상,1,(1F) 4번 출입구,지하,1,(B1) 만남의 광장 근처,운행,800형,8801-042
4호선,명장,4,상행,4번,지하,1,(B1) 만남의 광장 근처,지상,1,(1F) 4번 출입구,운행,800형,8801-043
4호선,명장,5,상행,,지하,2,(B2) 3번 엘리베이터 앞,지하,1,(B1) 표 내는 곳 내 계단 옆,운행,1200형,8801-044
4호선,명장,6,하행,,지하,1,(B1) 표 내는 곳 내 계단 옆,지하,2,(B2) 4번 엘리베이터 옆,운행,1200형,8801-045
4호선,명장,7,상행,,지하,3,(B3) 충렬사역 방향 6-2 출입문 앞,지하,2,(B2) 3번 엘리베이터 옆,운행,800형,8801-046
4호선,명장,8,상행,,지하,3,(B3) 서동역 방향 6-2 출입문 앞,지하,2,(B2) 4번 엘리베이터 옆,운행,800형,8801-047
4호선,명장,9,상행,,지하,3,(B3) 충렬사역 방향 1-1 출입문 앞,지하,2,(B2) 3번 엘리베이터 옆,운행,1200형,8801-048
4호선,명장,10,하행,,지하,2,(B2) 3번 엘리베이터 옆,지하,3,(B3) 충렬사역 방향 1-1 출입문 앞,운행,800형,8801-049
4호선,명장,11,상행,,지하,3,(B3) 서동역 방향 1-1 출입문 앞,지하,2,(B2) 4번 엘리베이터 옆,운행,1200형,8801-050
4호선,명장,12,하행,,지하,2,(B2) 4번 엘리베이터 옆,지하,3,(B3) 서동역 방향 1-1 출입문 앞,운행,800형,8801-051
4호선,서동,1,하행,3번,지상,1, 지상1층 3번출입구 앞,지하,1,지하1층 E/L1호기 앞,운행,800형,8801-061
4호선,서동,2,상행,3번,지하,1,지하1층 E/L1호기 앞,지상,1,지상1층 3번출입구 앞,운행,800형,8801-062
4호선,서동,3,하행,4번,지상,1,지상1층 4번출입구 앞,지하,1,지하1층 E/L2호기 앞,운행,800형,8801-063
4호선,서동,4,상행,4번,지하,1,지하1층 E/L2호기 앞,지상,1,지상1층 4번출입구 앞,운행,800형,8801-064
4호선,서동,5,하행,,지하,1,지하1층 3번 표내는곳 앞,지하,2,지하2층 광장,운행,1200형,8801-065
4호선,서동,6,상행,,지하,2,지하2층 광장,지하,1,지하1층 5번 표내는곳 앞,운행,1200형,8801-066
4호선,서동,7,하행,,지하,2,지하2층 E/L 3호기 근처,지하,3,상선승강장 6-1 출입문 근처,운행,800형,8801-067
4호선,서동,8,상행,,지하,3,상선승강장 6-1 출입문 근처,지하,2,지하2층 E/L3호기 근처,운행,1200형,8801-068
4호선,서동,9,하행,,지하,2,지하2층 E/L 4호기 근처,지하,3,하선승강장 6-1 출입문 근처,운행,800형,8801-069
4호선,서동,10,상행,,지하,3,하선승강장 6-1 출입문 근처,지하,2,지하2층 E/L 4호기 근처,운행,1200형,8801-070
4호선,서동,11,상행,,지하,3,상선승강장 1-2 출입문 앞,지하,2,지하2층 E/L 3호기 근처,운행,800형,8801-071
4호선,서동,12,상행,,지하,3,하선승강장 1-2 출입문 근처,지하,2,지하2층 E/L 4호기 근처,운행,800형,8801-072
4호선,금사,1,상행,3번,지상,지상 1층,(1F) 3번 출입구,지하,지하 1층,(B1) 3번 출입구,운행,800형,8801-052
4호선,금사,2,하행,3번,지하,지하 1층,(B1) 3번 출입구,지상,지상 1층,(1F) 3번 출입구,운행,800형,8801-053
4호선,금사,3,하행,4번,지상,지상 1층,(1F) 4번 출입구,지하,지하 1층,(B1) 4번 출입구,운행,800형,8801-054
4호선,금사,4,상행,4번,지하,지하 1층,(B1) 4번 출입구,지상,지상 1층,(1F) 4번 출입구,운행,800형,8801-055
4호선,금사,5,상행,,지하,지하 2층,(B2) 미남 방면 계단(지하 2층-> 지하 1층) 옆,지하,지하 1층,(B1) 미남 방면 계단(지하 2층-> 지하 1층) 옆,운행,800형,8801-056
4호선,금사,6,상행,,지하,지하 2층,(B2) 안평 방면 계단(지하 2층-> 지하 1층) 옆,지하,지하 1층,(B1) 안평 방면 계단(지하 2층-> 지하 1층) 옆,운행,800형,8801-057
4호선,금사,7,하행,,지하,지하 1층,(B1) 지하 1층 개찰구 내,지하,지하 3층,(B3) 미남행 승강장 출입문 5-2 옆,운행,1200형,8801-058
4호선,금사,8,상행,,지하,지하 3층,(B3) 안평행 승강장 출입문 5-2 옆,지하,지하 1층,(B1) 지하 1층 개찰구 내,운행,1200형,8801-059
4호선,금사,9,상행,,지하,지하 3층,(B3) 미남행 승강장 출입문 2-2 옆,지하,지하 2층,(B2) 환경사 대기실 옆 계단 옆,운행,1200형,8801-060
4호선,반여농산물,1,하행,1번,지상,1층,(F1) 1번 출입구 근처 고객센터 뒤,지하,1층,(B1) 금사역 방향 5-1 출입문 앞,운행,1200형,8801-085
4호선,반여농산물,2,상행,1번,지하,1층,(B1) 금사역 방향 5-1 출입문 앞,지상,1층,(F1)  1번 출입구 근처 고객센터 뒤,운행,1200형,8801-086
4호선,반여농산물,3,하행,1번,지상,1층,(F1) 1번 출입구 근처 수유실 뒤,지하,1층,(B1) 석대역 방향 5-1 출입문 앞,운행,1200형,8801-087
4호선,반여농산물,4,상행,1번,지하,1층,(B1) 석대역 방향 5-1 출입문 앞,지상,1층,(F1) 1번 출입구 근처 수유실 뒤,운행,1200형,8801-088
4호선,반여농산물,5,상행,2번,지하,1층,(B1) 금사역 방향 3-1 출입문 앞,지상,1층,(F1) 2번 출입구 표 내는 곳 근처,운행,1200형,8801-089
4호선,반여농산물,6,상행,2번,지하,1층,(B1) 석대역 방향 3-1 출입문 앞,지상,1층,(F1) 2번 출입구 표 내는 곳 근처,운행,1200형,8801-090
4호선,석대,1,상행,2번,지상,1층,(F1) 2번 출입구 근처 엘리베이터 옆,지상,2층,(F2) 반여농산물시장역 방향 5-1 출입문 앞,미운행,1200형,8803-674
4호선,석대,2,하행,2번,지상,2층,(F2) 영산대역 방향 5-1 출입문 앞,지상,1층,(F1) 2번 출입구 근처 엘리베이터 옆,미운행,1200형,8803-675
4호선,영산대,1,상행,3번,지상,1,(1F) 3번 출입구 옆,지상,2,(2F) 1번/3번 출입구 사이,운행,800형,8803-696
4호선,영산대,2,하행,3번,지상,1,(1F) 3번 출입구 옆,지상,2,(2F) 1번/4번 출입구 사이,운행,800형,8803-697
4호선,영산대,3,하행,2번,지상,1,(1F) 2번 출입구 옆,지상,2,(2F) 2번 출입구 옆,운행,1200형,8803-698
4호선,영산대,4,상행,2번,지상,1,(1F) 2번 출입구 옆,지상,2,(2F) 2번 출입구 옆,운행,1200형,8803-699
4호선,영산대,5,상행,,지상,2,(2F) E/V 앞,지상,3,(3F) 승강장 중앙,운행,800형,8803-700
4호선,영산대,6,하행,,지상,2,(2F) E/V 앞,지상,3,(3F) 승강장 중앙,운행,1200형,8803-701
4호선,윗반송,1,하행,1번,지상,2,(2F) 1번 출입구,지상,1,(2F) 1번 출입구,운행,800형,8803-702
4호선,윗반송,2,상행,1번,지상,1,(1F) 1번 출입구,지상,2,(1F) 1번 출입구,운행,800형,8803-703
4호선,윗반송,3,상행,4번,지상,2,(2F) 4번 출입구,지상,1,(2F) 4번 출입구,운행,800형,8803-704
4호선,윗반송,4,하행,4번,지상,1,(1F) 4번 출입구,지상,2,(1F) 4번 출입구,운행,800형,8803-705
4호선,윗반송,5,상행,,지상,2,(2F) 표내는곳 내 계단 옆,지상,3,(3F) 고촌역 방향 승강장 6-2 출입문 앞,운행,800형,8803-706
4호선,윗반송,6,상행,,지상,2,(2F) 표내는곳 내 앞,지상,3,(3F) 영산대역 방향 승강장 4-2 출입문 앞,운행,1200형,8803-707
4호선,윗반송,7,하행,,지상,3,(3F) 고촌역 방향 승강장 4-2 출입문 앞 ,지상,2,(2F) 표내는곳 내 앞,운행,1200형,8803-708
4호선,고촌,1,상행,,지상,1,상선 측 실로암묘원에서 버스종점 엘리베트 전방,지상,2,2층 대합실 출입구앞(상선 측),운행,800형,8803-709
4호선,고촌,2,하행,,지상,2,2층 대합실 출입구앞(상선 측),지상,1,대합실 출입구에서 상선 실로암묘원,운행,800형,8803-710
4호선,고촌,3,하행,,지상,1,하선 측 운봉교에서 안평역방향,지상,2,2층 대합실 출입구앞(하선 측),운행,800형,8803-711
4호선,고촌,4,상행,,지상,2,2층 대합실 출입구앞(하선 측),지상,1,하선 측 대합실 출입구에서 하선 운봉교,운행,800형,8803-712
4호선,고촌,5,상행,,지상,2,대합실 매표소 표내는 곳,지상,3,안평역 방향 대합실,운행,1200형,8803-713
4호선,고촌,6,하행,,지상,3,안평역 방향 대합실,지상,2,대합실 매표소 표내는 곳,운행,1200형,8803-714
4호선,안평,1,상행,3번,지상,1,(1) 3번 출구,지상,2,(2) 3번 출구,운행,800형,8801-034
4호선,안평,2,하행,3번,지상,2,(2) 3번 출구,지상,1,(1) 3번 출구,운행,800형,8801-035
4호선,안평,3,상행,4번,지상,1,(1) 4번 출구,지상,2,(2) 4번 출구,운행,800형,8801-036
4호선,안평,4,하행,4번,지상,2,(2) 4번 출구,지상,1,(1) 4번 출구,운행,800형,8801-037
4호선,안평,5,상행,,지상,2,(2) 표내는 곳 안쪽 엘리베이터 앞,지상,3,(3) 승강장 미남방향 3-2 옆,운행,800형,8801-038
4호선,안평,6,하행,,지상,3,(3) 승강장 안평기지방향 3-2 옆,지상,2,(2) 표내는 곳 안쪽 엘리베이터 앞,운행,1200형,8801-039
